Data Import Template,,,,,,,,,,,,,,,,,,,,,,,,,,,
Table:,Item,,,,,,,,,,,,,,,,,,,,,,,,,,
,,,,,,,,,,,,,,,,,,,,,,,,,,,
,,,,,,,,,,,,,,,,,,,,,,,,,,,
Notes:,,,,,,,,,,,,,,,,,,,,,,,,,,,
Please do not change the template headings.,,,,,,,,,,,,,,,,,,,,,,,,,,,
First data column must be blank.,,,,,,,,,,,,,,,,,,,,,,,,,,,
"If you are uploading new records, leave the ""name"" (ID) column blank.",,,,,,,,,,,,,,,,,,,,,,,,,,,
"If you are uploading new records, ""Naming Series"" becomes mandatory, if present.",,,,,,,,,,,,,,,,,,,,,,,,,,,
Only mandatory fields are necessary for new records. You can delete non-mandatory columns if you wish.,,,,,,,,,,,,,,,,,,,,,,,,,,,
"For updating, you can update only selective columns.",,,,,,,,,,,,,,,,,,,,,,,,,,,
You can only upload upto 5000 records in one go. (may be less in some cases),,,,,,,,,,,,,,,,,,,,,,,,,,,
,,,,,,,,,,,,,,,,,,,,,,,,,,,
DocType:,Item,,,,~,~,Item Reorder,reorder_levels,,~,~,Item Variant Attribute,attributes,~,Item Default,item_defaults,~,~,Item Customer Detail,customer_items,~,Item Tax,taxes,~,Website Item Group,website_item_groups,~
Column Labels:,Item Code,Item Group,Default Unit of Measure,Item Name,,,Request for,Re-order Level,Material Request Type,,,Attribute,,,Company,,,,Ref Code,,,Tax,,,Item Group,,
Column Name:,item_code,item_group,stock_uom,item_name,~,~,warehouse,warehouse_reorder_level,material_request_type,~,~,attribute,~,~,company,~,~,~,ref_code,~,~,tax_type,~,~,item_group,~,~
Mandatory:,Yes,Yes,Yes,No,,,Yes,Yes,Yes,,,Yes,,,Yes,,,,Yes,,,Yes,,,Yes,,
Type:,Data,Link,Link,Data,,,Link,Float,Select,,,Link,,,Link,,,,Data,,,Link,,,Link,,
Info:,,Valid Item Group,Valid UOM,,,,Valid Warehouse,,"One of: Purchase, Transfer, Material Issue, Manufacture",,,Valid Item Attribute,,,Valid Company,,,,,,,Valid Account,,,Valid Item Group,,
Start entering data below this line,,,,,,,,,,,,,,,,,,,,,,,,,,,
,3203,Services,Nos,Absolute Eosinphil Count  ,,,,,,,,,,,HMIS,,,,,,,,,,,,
,3204,Services,Nos,Haemoglobin  ,,,,,,,,,,,HMIS,,,,,,,,,,,,
,3205,Services,Nos,Hb Electrophoresis  ,,,,,,,,,,,HMIS,,,,,,,,,,,,
,1199,Services,Nos,Agranulocyte Count  ,,,,,,,,,,,HMIS,,,,,,,,,,,,
,1200,Services,Nos,Eosinophil    ,,,,,,,,,,,HMIS,,,,,,,,,,,,
,1201,Services,Nos,Lymphocyte    ,,,,,,,,,,,HMIS,,,,,,,,,,,,
,3206,Services,Nos,Packed Cell Volume    ,,,,,,,,,,,HMIS,,,,,,,,,,,,
,3207,Services,Nos,Platelet Count  ,,,,,,,,,,,HMIS,,,,,,,,,,,,
,1202,Services,Nos,Basophil    ,,,,,,,,,,,HMIS,,,,,,,,,,,,
,1190,Services,Nos,VDRL     ,,,,,,,,,,,HMIS,,,,,,,,,,,,
,1196,Services,Nos,Granulocyte Count  ,,,,,,,,,,,HMIS,,,,,,,,,,,,
,1197,Services,Nos,Total Leucocyte Count  ,,,,,,,,,,,HMIS,,,,,,,,,,,,
,3209,Services,Nos,APTT      ,,,,,,,,,,,HMIS,,,,,,,,,,,,
,3238,Services,Nos,ESR  ,,,,,,,,,,,HMIS,,,,,,,,,,,,
,1198,Services,Nos,Neutrophil  ,,,,,,,,,,,HMIS,,,,,,,,,,,,
,1203,Services,Nos,Monocyte    ,,,,,,,,,,,HMIS,,,,,,,,,,,,
,3239,Services,Nos,INR Ratio    ,,,,,,,,,,,HMIS,,,,,,,,,,,,
,3240,Services,Nos,Prothrombin Time      ,,,,,,,,,,,HMIS,,,,,,,,,,,,
,3241,Services,Nos,Prothrombin Time      ,,,,,,,,,,,HMIS,,,,,,,,,,,,
,3242,Services,Nos,Blood Group    ,,,,,,,,,,,HMIS,,,,,,,,,,,,
,3243,Services,Nos,Cross Match  ,,,,,,,,,,,HMIS,,,,,,,,,,,,
,3244,Services,Nos,Haemoglobin    ,,,,,,,,,,,HMIS,,,,,,,,,,,,
,3245,Services,Nos,HbsAg ELISA  ,,,,,,,,,,,HMIS,,,,,,,,,,,,
,3246,Services,Nos,HbsAg Rapid  ,,,,,,,,,,,HMIS,,,,,,,,,,,,
,3247,Services,Nos,HCV ELISA  ,,,,,,,,,,,HMIS,,,,,,,,,,,,
,3248,Services,Nos,HCV Tridot  ,,,,,,,,,,,HMIS,,,,,,,,,,,,
,3249,Services,Nos,HIV ELISA    ,,,,,,,,,,,HMIS,,,,,,,,,,,,
,3250,Services,Nos,HIV Tridot  ,,,,,,,,,,,HMIS,,,,,,,,,,,,
,3251,Services,Nos,Malaria Parasite  ,,,,,,,,,,,HMIS,,,,,,,,,,,,
,3252,Services,Nos,Patient Blood Group  ,,,,,,,,,,,HMIS,,,,,,,,,,,,
,3253,Services,Nos,VDRL ELISA  ,,,,,,,,,,,HMIS,,,,,,,,,,,,
,3254,Services,Nos,VDRL Rapid  ,,,,,,,,,,,HMIS,,,,,,,,,,,,
,3261,Services,Nos,Basophil  ,,,,,,,,,,,HMIS,,,,,,,,,,,,
,3262,Services,Nos,Eosinophil  ,,,,,,,,,,,HMIS,,,,,,,,,,,,
,3263,Services,Nos,Lymphocyte  ,,,,,,,,,,,HMIS,,,,,,,,,,,,
,3264,Services,Nos,Monocyte  ,,,,,,,,,,,HMIS,,,,,,,,,,,,
,3265,Services,Nos,Polymorph  ,,,,,,,,,,,HMIS,,,,,,,,,,,,
,3271,Services,Nos,Fasting Blood Sugar  ,,,,,,,,,,,HMIS,,,,,,,,,,,,
,3273,Services,Nos,Post Blood Sugar    ,,,,,,,,,,,HMIS,,,,,,,,,,,,
,3275,Services,Nos,Post Blood Sugar    ,,,,,,,,,,,HMIS,,,,,,,,,,,,
,3277,Services,Nos,Post Blood Sugar    ,,,,,,,,,,,HMIS,,,,,,,,,,,,
,3279,Services,Nos,Post Blood Sugar    ,,,,,,,,,,,HMIS,,,,,,,,,,,,
,3281,Services,Nos,HPLC  ,,,,,,,,,,,HMIS,,,,,,,,,,,,
,3282,Services,Nos,Coombs Test    ,,,,,,,,,,,HMIS,,,,,,,,,,,,
,3283,Services,Nos,Coombs Test    ,,,,,,,,,,,HMIS,,,,,,,,,,,,
,3284,Services,Nos,G6PD  ,,,,,,,,,,,HMIS,,,,,,,,,,,,
,3307,Services,Nos,Malaria Parasites    ,,,,,,,,,,,HMIS,,,,,,,,,,,,
,3308,Services,Nos,PS for mf by concentration  ,,,,,,,,,,,HMIS,,,,,,,,,,,,
,3339,Services,Nos,Total Leucocyte Count    ,,,,,,,,,,,HMIS,,,,,,,,,,,,
,3352,Services,Nos,Anti Streptolysin Qualitative  ,,,,,,,,,,,HMIS,,,,,,,,,,,,
,3353,Services,Nos,Anti Streptolysin Turbidometry  ,,,,,,,,,,,HMIS,,,,,,,,,,,,
,3354,Services,Nos,RA Factor - Qualitative  ,,,,,,,,,,,HMIS,,,,,,,,,,,,
,3355,Services,Nos,RA Factor - Turbidometry  ,,,,,,,,,,,HMIS,,,,,,,,,,,,
,3356,Services,Nos,Troponin - T  ,,,,,,,,,,,HMIS,,,,,,,,,,,,
,3357,Services,Nos,WIDAL Qualitative  ,,,,,,,,,,,HMIS,,,,,,,,,,,,
,3398,Services,Nos,CD4 Test  ,,,,,,,,,,,HMIS,,,,,,,,,,,,
,3399,Services,Nos,Hb1AC  ,,,,,,,,,,,HMIS,,,,,,,,,,,,
,3406,Services,Nos,APTT      ,,,,,,,,,,,HMIS,,,,,,,,,,,,
,1176,Services,Nos,PT  ,,,,,,,,,,,HMIS,,,,,,,,,,,,
,1204,Services,Nos,Coomb's test-minor  ,,,,,,,,,,,HMIS,,,,,,,,,,,,
,3421,Services,Nos,Bend Cell  ,,,,,,,,,,,HMIS,,,,,,,,,,,,
,3423,Services,Nos,Nucleated RBC  ,,,,,,,,,,,HMIS,,,,,,,,,,,,
,3424,Services,Nos,Hypersegmented Polymorphs    ,,,,,,,,,,,HMIS,,,,,,,,,,,,
,3558,Services,Nos,Anaemia Panel  ,,,,,,,,,,,HMIS,,,,,,,,,,,,
,1462,Services,Nos,DLC  ,,,,,,,,,,,HMIS,,,,,,,,,,,,
,3560,Services,Nos,Coagulation Factor  ,,,,,,,,,,,HMIS,,,,,,,,,,,,
,3561,Services,Nos,Cross Match    ,,,,,,,,,,,HMIS,,,,,,,,,,,,
,3562,Services,Nos,Differential Count  ,,,,,,,,,,,HMIS,,,,,,,,,,,,
,3565,Services,Nos,Haematology  ,,,,,,,,,,,HMIS,,,,,,,,,,,,
,3567,Services,Nos,Routine Blood  ,,,,,,,,,,,HMIS,,,,,,,,,,,,
,3439,Services,Nos,non- adrenaline  ,,,,,,,,,,,HMIS,,,,,,,,,,,,
,3440,Services,Nos,bone marrow test  ,,,,,,,,,,,HMIS,,,,,,,,,,,,
,3447,Services,Nos,GGT  ,,,,,,,,,,,HMIS,,,,,,,,,,,,
,3577,Services,Nos,Haemogram  ,,,,,,,,,,,HMIS,,,,,,,,,,,,
,3589,Services,Nos,Exam  ,,,,,,,,,,,HMIS,,,,,,,,,,,,
,3552,Services,Nos,Test1  ,,,,,,,,,,,HMIS,,,,,,,,,,,,
,3553,Services,Nos,Test2  ,,,,,,,,,,,HMIS,,,,,,,,,,,,
,1463,Services,Nos,TLC  ,,,,,,,,,,,HMIS,,,,,,,,,,,,
,1461,Services,Nos,CBC  ,,,,,,,,,,,HMIS,,,,,,,,,,,,
,1385,Services,Nos,Antibiotic Sensitivity    ,,,,,,,,,,,HMIS,,,,,,,,,,,,
,1338,Services,Nos,Gram Stain    ,,,,,,,,,,,HMIS,,,,,,,,,,,,
,1460,Services,Nos,CBC - General  ,,,,,,,,,,,HMIS,,,,,,,,,,,,
,1195,Services,Nos,Malaria Ags  ,,,,,,,,,,,HMIS,,,,,,,,,,,,
,1358,Services,Nos,AFB Stain    ,,,,,,,,,,,HMIS,,,,,,,,,,,,
,1187,Services,Nos,CD4  ,,,,,,,,,,,HMIS,,,,,,,,,,,,
,1178,Services,Nos,APTT  ,,,,,,,,,,,HMIS,,,,,,,,,,,,
,1177,Services,Nos,INR  ,,,,,,,,,,,HMIS,,,,,,,,,,,,
,1180,Services,Nos,PS for RBC Morphology  ,,,,,,,,,,,HMIS,,,,,,,,,,,,
,1179,Services,Nos,Blood Group  ,,,,,,,,,,,HMIS,,,,,,,,,,,,
,1182,Services,Nos,Bleeding Time  ,,,,,,,,,,,HMIS,,,,,,,,,,,,
,1181,Services,Nos,"PBS for Malaria,Filaria Parasites  ",,,,,,,,,,,HMIS,,,,,,,,,,,,
,1184,Services,Nos,Cross Match-minor  ,,,,,,,,,,,HMIS,,,,,,,,,,,,
,1183,Services,Nos,Clotting Time  ,,,,,,,,,,,HMIS,,,,,,,,,,,,
,1207,Services,Nos,Malaria Abs  ,,,,,,,,,,,HMIS,,,,,,,,,,,,
,1211,Services,Nos,Band Form  ,,,,,,,,,,,HMIS,,,,,,,,,,,,
,1210,Services,Nos,RBC count  ,,,,,,,,,,,HMIS,,,,,,,,,,,,
,1213,Services,Nos,MCV  ,,,,,,,,,,,HMIS,,,,,,,,,,,,
,1212,Services,Nos,ESR    ,,,,,,,,,,,HMIS,,,,,,,,,,,,
,1215,Services,Nos,Absolute Eosinophil Count  ,,,,,,,,,,,HMIS,,,,,,,,,,,,
,1214,Services,Nos,Reticulocyte count  ,,,,,,,,,,,HMIS,,,,,,,,,,,,
,1216,Services,Nos,PCV    ,,,,,,,,,,,HMIS,,,,,,,,,,,,
,1344,Services,Nos,TB-IgM/IgG  ,,,,,,,,,,,HMIS,,,,,,,,,,,,
,1188,Services,Nos,HbA1c  ,,,,,,,,,,,HMIS,,,,,,,,,,,,
,1209,Services,Nos,Platelets  ,,,,,,,,,,,HMIS,,,,,,,,,,,,
,1186,Services,Nos,Cross Match-major  ,,,,,,,,,,,HMIS,,,,,,,,,,,,
,1192,Services,Nos,HBsAg    ,,,,,,,,,,,HMIS,,,,,,,,,,,,
,1185,Services,Nos,Haemoglobin    ,,,,,,,,,,,HMIS,,,,,,,,,,,,
,1191,Services,Nos,HIV    ,,,,,,,,,,,HMIS,,,,,,,,,,,,
,1302,Services,Nos,Blood Sugar P.P  ,,,,,,,,,,,HMIS,,,,,,,,,,,,
,1189,Services,Nos,HCV    ,,,,,,,,,,,HMIS,,,,,,,,,,,,
,1194,Services,Nos,Sickling Test  ,,,,,,,,,,,HMIS,,,,,,,,,,,,
,1465,Services,Nos,Blood Banking  ,,,,,,,,,,,HMIS,,,,,,,,,,,,
,1305,Services,Nos,Blood Sugar Fasting  ,,,,,,,,,,,HMIS,,,,,,,,,,,,
,1464,Services,Nos,Coagulation Studies  ,,,,,,,,,,,HMIS,,,,,,,,,,,,
,1386,Services,Nos,Culture    ,,,,,,,,,,,HMIS,,,,,,,,,,,,
,1303,Services,Nos,Blood Sugar Random  ,,,,,,,,,,,HMIS,,,,,,,,,,,,
,1218,Services,Nos,MCHC  ,,,,,,,,,,,HMIS,,,,,,,,,,,,
,1193,Services,Nos,Coomb's test-major  ,,,,,,,,,,,HMIS,,,,,,,,,,,,
,1467,Services,Nos,ANC    ,,,,,,,,,,,HMIS,,,,,,,,,,,,
,1466,Services,Nos,RBC indices  ,,,,,,,,,,,HMIS,,,,,,,,,,,,
,1208,Services,Nos,Blood Bank Screening Test  ,,,,,,,,,,,HMIS,,,,,,,,,,,,
,1217,Services,Nos,MCH  ,,,,,,,,,,,HMIS,,,,,,,,,,,,
,1206,Services,Nos,D-dimer  ,,,,,,,,,,,HMIS,,,,,,,,,,,,
,3805,Services,Nos,Coombs Test  ,,,,,,,,,,,HMIS,,,,,,,,,,,,
,3218,Services,Nos,Urine Bile Pigment  ,,,,,,,,,,,HMIS,,,,,,,,,,,,
,3219,Services,Nos,Urine Bile Salt  ,,,,,,,,,,,HMIS,,,,,,,,,,,,
,3272,Services,Nos,Parallel Urine Sugar    ,,,,,,,,,,,HMIS,,,,,,,,,,,,
,3274,Services,Nos,Parallel Urine Sugar    ,,,,,,,,,,,HMIS,,,,,,,,,,,,
,3276,Services,Nos,Parallel Urine Sugar    ,,,,,,,,,,,HMIS,,,,,,,,,,,,
,3278,Services,Nos,Parallel Urine Sugar    ,,,,,,,,,,,HMIS,,,,,,,,,,,,
,3280,Services,Nos,Parallel Urine Sugar    ,,,,,,,,,,,HMIS,,,,,,,,,,,,
,3285,Services,Nos,Urine Ketone  ,,,,,,,,,,,HMIS,,,,,,,,,,,,
,3338,Services,Nos,Renal Concentrating Ability  ,,,,,,,,,,,HMIS,,,,,,,,,,,,
,3340,Services,Nos,Albumin    ,,,,,,,,,,,HMIS,,,,,,,,,,,,
,1235,Services,Nos,Bile pigment  ,,,,,,,,,,,HMIS,,,,,,,,,,,,
,3341,Services,Nos,Specific Gravity  ,,,,,,,,,,,HMIS,,,,,,,,,,,,
,3343,Services,Nos,Sugar    ,,,,,,,,,,,HMIS,,,,,,,,,,,,
,3376,Services,Nos,LE    ,,,,,,,,,,,HMIS,,,,,,,,,,,,
,3377,Services,Nos,Nitrite  ,,,,,,,,,,,HMIS,,,,,,,,,,,,
,3378,Services,Nos,Cast  ,,,,,,,,,,,HMIS,,,,,,,,,,,,
,3379,Services,Nos,Crystal  ,,,,,,,,,,,HMIS,,,,,,,,,,,,
,1232,Services,Nos,Uric acid    ,,,,,,,,,,,HMIS,,,,,,,,,,,,
,3380,Services,Nos,Others    ,,,,,,,,,,,HMIS,,,,,,,,,,,,
,3381,Services,Nos,Pus Cells    ,,,,,,,,,,,HMIS,,,,,,,,,,,,
,3382,Services,Nos,RBC    ,,,,,,,,,,,HMIS,,,,,,,,,,,,
,3383,Services,Nos,Vaginal Trichomonas  ,,,,,,,,,,,HMIS,,,,,,,,,,,,
,3384,Services,Nos,Yeast Cell  ,,,,,,,,,,,HMIS,,,,,,,,,,,,
,1230,Services,Nos,Nitrates    ,,,,,,,,,,,HMIS,,,,,,,,,,,,
,3391,Services,Nos,ZN Stain    ,,,,,,,,,,,HMIS,,,,,,,,,,,,
,3392,Services,Nos,Bence Jones Protein  ,,,,,,,,,,,HMIS,,,,,,,,,,,,
,3395,Services,Nos,Urine Protein Creatinine Ratio  ,,,,,,,,,,,HMIS,,,,,,,,,,,,
,3403,Services,Nos,Urine Creatinine  ,,,,,,,,,,,HMIS,,,,,,,,,,,,
,3404,Services,Nos,Urine Protein  ,,,,,,,,,,,HMIS,,,,,,,,,,,,
,1234,Services,Nos,Urobilinogen    ,,,,,,,,,,,HMIS,,,,,,,,,,,,
,3414,Services,Nos,Routine Microbiology Culture    ,,,,,,,,,,,HMIS,,,,,,,,,,,,
,3568,Services,Nos,Routine Urine  ,,,,,,,,,,,HMIS,,,,,,,,,,,,
,3573,Services,Nos,Urine LE/Nitrite  ,,,,,,,,,,,HMIS,,,,,,,,,,,,
,3574,Services,Nos,Urine Microscopy  ,,,,,,,,,,,HMIS,,,,,,,,,,,,
,3576,Services,Nos,Urine Protein Creatinine Ratio    ,,,,,,,,,,,HMIS,,,,,,,,,,,,
,3431,Services,Nos,Urine VMA  ,,,,,,,,,,,HMIS,,,,,,,,,,,,
,3433,Services,Nos,Urine haemoglobin  ,,,,,,,,,,,HMIS,,,,,,,,,,,,
,3435,Services,Nos,Urine AFB  ,,,,,,,,,,,HMIS,,,,,,,,,,,,
,3530,Services,Nos,LPA    ,,,,,,,,,,,HMIS,,,,,,,,,,,,
,3531,Services,Nos,LJ    ,,,,,,,,,,,HMIS,,,,,,,,,,,,
,3532,Services,Nos,CBNAAT    ,,,,,,,,,,,HMIS,,,,,,,,,,,,
,3551,Services,Nos,Urine Copper  ,,,,,,,,,,,HMIS,,,,,,,,,,,,
,1388,Services,Nos,Culture    ,,,,,,,,,,,HMIS,,,,,,,,,,,,
,1231,Services,Nos,Ketone Bodies  ,,,,,,,,,,,HMIS,,,,,,,,,,,,
,1229,Services,Nos,Bile Salt    ,,,,,,,,,,,HMIS,,,,,,,,,,,,
,1227,Services,Nos,Yeast Cells    ,,,,,,,,,,,HMIS,,,,,,,,,,,,
,1238,Services,Nos,Phosphates    ,,,,,,,,,,,HMIS,,,,,,,,,,,,
,1387,Services,Nos,Antibiotic Sensitivity    ,,,,,,,,,,,HMIS,,,,,,,,,,,,
,1233,Services,Nos,Urates    ,,,,,,,,,,,HMIS,,,,,,,,,,,,
,1473,Services,Nos,ANC    ,,,,,,,,,,,HMIS,,,,,,,,,,,,
,1470,Services,Nos,Urine Microscopic Examination  ,,,,,,,,,,,HMIS,,,,,,,,,,,,
,1469,Services,Nos,Urine Routine Examination  ,,,,,,,,,,,HMIS,,,,,,,,,,,,
,1319,Services,Nos,24 hour Urine Protein  ,,,,,,,,,,,HMIS,,,,,,,,,,,,
,1471,Services,Nos,Urine Specific Test  ,,,,,,,,,,,HMIS,,,,,,,,,,,,
,1331,Services,Nos,Gram Stain    ,,,,,,,,,,,HMIS,,,,,,,,,,,,
,1236,Services,Nos,Urine Pregnancy Test  ,,,,,,,,,,,HMIS,,,,,,,,,,,,
,1472,Services,Nos,Urine PregnancyTest  ,,,,,,,,,,,HMIS,,,,,,,,,,,,
,1346,Services,Nos,AFB Stain    ,,,,,,,,,,,HMIS,,,,,,,,,,,,
,1237,Services,Nos,Oxalates    ,,,,,,,,,,,HMIS,,,,,,,,,,,,
,1219,Services,Nos,Chyle  ,,,,,,,,,,,HMIS,,,,,,,,,,,,
,1221,Services,Nos,Pus    ,,,,,,,,,,,HMIS,,,,,,,,,,,,
,1220,Services,Nos,Colour    ,,,,,,,,,,,HMIS,,,,,,,,,,,,
,1224,Services,Nos,RBCs    ,,,,,,,,,,,HMIS,,,,,,,,,,,,
,1225,Services,Nos,pH    ,,,,,,,,,,,HMIS,,,,,,,,,,,,
,1222,Services,Nos,Transparency    ,,,,,,,,,,,HMIS,,,,,,,,,,,,
,1223,Services,Nos,Epithelial Cells  ,,,,,,,,,,,HMIS,,,,,,,,,,,,
,1228,Services,Nos,Albumin    ,,,,,,,,,,,HMIS,,,,,,,,,,,,
,1226,Services,Nos,Casts  ,,,,,,,,,,,HMIS,,,,,,,,,,,,
,1322,Services,Nos,Sugar  ,,,,,,,,,,,HMIS,,,,,,,,,,,,
,3208,Services,Nos,APTT      ,,,,,,,,,,,HMIS,,,,,,,,,,,,
,3220,Services,Nos,AFP  ,,,,,,,,,,,HMIS,,,,,,,,,,,,
,1315,Services,Nos,Urea  ,,,,,,,,,,,HMIS,,,,,,,,,,,,
,3221,Services,Nos,B HCG  ,,,,,,,,,,,HMIS,,,,,,,,,,,,
,3222,Services,Nos,Bicarbonate  ,,,,,,,,,,,HMIS,,,,,,,,,,,,
,3223,Services,Nos,Blood Urea  ,,,,,,,,,,,HMIS,,,,,,,,,,,,
,3224,Services,Nos,CA-125  ,,,,,,,,,,,HMIS,,,,,,,,,,,,
,3225,Services,Nos,CA19-9  ,,,,,,,,,,,HMIS,,,,,,,,,,,,
,1284,Services,Nos,Potassium  ,,,,,,,,,,,HMIS,,,,,,,,,,,,
,3226,Services,Nos,Creatinine Kinase  ,,,,,,,,,,,HMIS,,,,,,,,,,,,
,3227,Services,Nos,FBS  ,,,,,,,,,,,HMIS,,,,,,,,,,,,
,3228,Services,Nos,Ferittin  ,,,,,,,,,,,HMIS,,,,,,,,,,,,
,3229,Services,Nos,FT3  ,,,,,,,,,,,HMIS,,,,,,,,,,,,
,3230,Services,Nos,FT4  ,,,,,,,,,,,HMIS,,,,,,,,,,,,
,3231,Services,Nos,LDH  ,,,,,,,,,,,HMIS,,,,,,,,,,,,
,3232,Services,Nos,LH  ,,,,,,,,,,,HMIS,,,,,,,,,,,,
,3233,Services,Nos,PP2BS  ,,,,,,,,,,,HMIS,,,,,,,,,,,,
,3234,Services,Nos,Prolactin  ,,,,,,,,,,,HMIS,,,,,,,,,,,,
,3235,Services,Nos,PSA  ,,,,,,,,,,,HMIS,,,,,,,,,,,,
,3236,Services,Nos,RBS  ,,,,,,,,,,,HMIS,,,,,,,,,,,,
,3237,Services,Nos,Urea Nitrogen  ,,,,,,,,,,,HMIS,,,,,,,,,,,,
,1279,Services,Nos,Sodium  ,,,,,,,,,,,HMIS,,,,,,,,,,,,
,3266,Services,Nos,Calcium   ,,,,,,,,,,,HMIS,,,,,,,,,,,,
,1286,Services,Nos,Calcium  ,,,,,,,,,,,HMIS,,,,,,,,,,,,
,3267,Services,Nos,Phosphorous  ,,,,,,,,,,,HMIS,,,,,,,,,,,,
,1261,Services,Nos,Dengue  ,,,,,,,,,,,HMIS,,,,,,,,,,,,
,1275,Services,Nos,Glucose   ,,,,,,,,,,,HMIS,,,,,,,,,,,,
,3295,Services,Nos,Cholesterol  ,,,,,,,,,,,HMIS,,,,,,,,,,,,
,1277,Services,Nos,Glucose   ,,,,,,,,,,,HMIS,,,,,,,,,,,,
,1281,Services,Nos,Creatinine  ,,,,,,,,,,,HMIS,,,,,,,,,,,,
,3296,Services,Nos,S. Triglyceride  ,,,,,,,,,,,HMIS,,,,,,,,,,,,
,3297,Services,Nos,TC/HDL Ratio  ,,,,,,,,,,,HMIS,,,,,,,,,,,,
,3298,Services,Nos,VLDL Cholesterol  ,,,,,,,,,,,HMIS,,,,,,,,,,,,
,3299,Services,Nos,ALK. Phosphate  ,,,,,,,,,,,HMIS,,,,,,,,,,,,
,1282,Services,Nos,Chloride  ,,,,,,,,,,,HMIS,,,,,,,,,,,,
,3300,Services,Nos,Direct Bilirubin  ,,,,,,,,,,,HMIS,,,,,,,,,,,,
,3301,Services,Nos,S. Albumin  ,,,,,,,,,,,HMIS,,,,,,,,,,,,
,3302,Services,Nos,S. ALT  ,,,,,,,,,,,HMIS,,,,,,,,,,,,
,3303,Services,Nos,S. AST  ,,,,,,,,,,,HMIS,,,,,,,,,,,,
,3304,Services,Nos,S. Protein  ,,,,,,,,,,,HMIS,,,,,,,,,,,,
,3305,Services,Nos,Total Bilirubin  ,,,,,,,,,,,HMIS,,,,,,,,,,,,
,3358,Services,Nos,Hepatitis A    ,,,,,,,,,,,HMIS,,,,,,,,,,,,
,3359,Services,Nos,Hepatitis A    ,,,,,,,,,,,HMIS,,,,,,,,,,,,
,3360,Services,Nos,Hepatitis E    ,,,,,,,,,,,HMIS,,,,,,,,,,,,
,3361,Services,Nos,Hepatitis E    ,,,,,,,,,,,HMIS,,,,,,,,,,,,
,3362,Services,Nos,Dengue    ,,,,,,,,,,,HMIS,,,,,,,,,,,,
,3363,Services,Nos,Dengue    ,,,,,,,,,,,HMIS,,,,,,,,,,,,
,1246,Services,Nos,LDL  ,,,,,,,,,,,HMIS,,,,,,,,,,,,
,1253,Services,Nos,HBsAg    ,,,,,,,,,,,HMIS,,,,,,,,,,,,
,1394,Services,Nos,CK-NAC  ,,,,,,,,,,,HMIS,,,,,,,,,,,,
,3400,Services,Nos,TORCH    ,,,,,,,,,,,HMIS,,,,,,,,,,,,
,3401,Services,Nos,TORCH    ,,,,,,,,,,,HMIS,,,,,,,,,,,,
,3402,Services,Nos,Calcium    ,,,,,,,,,,,HMIS,,,,,,,,,,,,
,3405,Services,Nos,APTT      ,,,,,,,,,,,HMIS,,,,,,,,,,,,
,3408,Services,Nos,Prothrombin Time      ,,,,,,,,,,,HMIS,,,,,,,,,,,,
,3409,Services,Nos,Prothrombin Time      ,,,,,,,,,,,HMIS,,,,,,,,,,,,
,3413,Services,Nos,HIV ELISA    ,,,,,,,,,,,HMIS,,,,,,,,,,,,
,3420,Services,Nos,HLA B27  ,,,,,,,,,,,HMIS,,,,,,,,,,,,
,3422,Services,Nos,Pre Dinner Sugar  ,,,,,,,,,,,HMIS,,,,,,,,,,,,
,3428,Services,Nos,PTH  ,,,,,,,,,,,HMIS,,,,,,,,,,,,
,1272,Services,Nos,Chlamydia  ,,,,,,,,,,,HMIS,,,,,,,,,,,,
,1392,Services,Nos,Total Cholesterol/HDL  ,,,,,,,,,,,HMIS,,,,,,,,,,,,
,3559,Services,Nos,Biochemistry  ,,,,,,,,,,,HMIS,,,,,,,,,,,,
,3563,Services,Nos,Electrolyte  ,,,,,,,,,,,HMIS,,,,,,,,,,,,
,1393,Services,Nos,Myoglobin  ,,,,,,,,,,,HMIS,,,,,,,,,,,,
,3566,Services,Nos,Prothrombin Time  ,,,,,,,,,,,HMIS,,,,,,,,,,,,
,3572,Services,Nos,Thyroid Function  ,,,,,,,,,,,HMIS,,,,,,,,,,,,
,3432,Services,Nos,Vitamin B-12  ,,,,,,,,,,,HMIS,,,,,,,,,,,,
,3438,Services,Nos,Adinosin diamarese    ,,,,,,,,,,,HMIS,,,,,,,,,,,,
,3444,Services,Nos,Serum Cortisol  ,,,,,,,,,,,HMIS,,,,,,,,,,,,
,3445,Services,Nos,Serum Electrophoresis  ,,,,,,,,,,,HMIS,,,,,,,,,,,,
,3446,Services,Nos,RPR qualitative  ,,,,,,,,,,,HMIS,,,,,,,,,,,,
,3448,Services,Nos,COMPLEMENT    ,,,,,,,,,,,HMIS,,,,,,,,,,,,
,3449,Services,Nos,ANCA  ,,,,,,,,,,,HMIS,,,,,,,,,,,,
,3450,Services,Nos,Ceruloplasmin  ,,,,,,,,,,,HMIS,,,,,,,,,,,,
,3541,Services,Nos,Creatinine Clearance  ,,,,,,,,,,,HMIS,,,,,,,,,,,,
,3542,Services,Nos,CEA  ,,,,,,,,,,,HMIS,,,,,,,,,,,,
,3543,Services,Nos,TPHA  ,,,,,,,,,,,HMIS,,,,,,,,,,,,
,3544,Services,Nos,ACE  ,,,,,,,,,,,HMIS,,,,,,,,,,,,
,3546,Services,Nos,FSH Test  ,,,,,,,,,,,HMIS,,,,,,,,,,,,
,3547,Services,Nos,ANTI - dsDNA  ,,,,,,,,,,,HMIS,,,,,,,,,,,,
,3548,Services,Nos,Hydatid Serology  ,,,,,,,,,,,HMIS,,,,,,,,,,,,
,3549,Services,Nos,Serum Lipase  ,,,,,,,,,,,HMIS,,,,,,,,,,,,
,3550,Services,Nos,Herpes simplex virus    ,,,,,,,,,,,HMIS,,,,,,,,,,,,
,1390,Services,Nos,Urea Clearance Test  ,,,,,,,,,,,HMIS,,,,,,,,,,,,
,1391,Services,Nos,VLDL  ,,,,,,,,,,,HMIS,,,,,,,,,,,,
,1307,Services,Nos,Lipase    ,,,,,,,,,,,HMIS,,,,,,,,,,,,
,1389,Services,Nos,LDL/HDL  ,,,,,,,,,,,HMIS,,,,,,,,,,,,
,1306,Services,Nos,H. Pylori  ,,,,,,,,,,,HMIS,,,,,,,,,,,,
,1240,Services,Nos,CPK  ,,,,,,,,,,,HMIS,,,,,,,,,,,,
,1239,Services,Nos,Triglyceride  ,,,,,,,,,,,HMIS,,,,,,,,,,,,
,1317,Services,Nos,Albumin    ,,,,,,,,,,,HMIS,,,,,,,,,,,,
,1241,Services,Nos,CK-MB  ,,,,,,,,,,,HMIS,,,,,,,,,,,,
,1244,Services,Nos,Total Cholesterol  ,,,,,,,,,,,HMIS,,,,,,,,,,,,
,1243,Services,Nos,A-G Ratio  ,,,,,,,,,,,HMIS,,,,,,,,,,,,
,1242,Services,Nos,Troponin-I  ,,,,,,,,,,,HMIS,,,,,,,,,,,,
,1245,Services,Nos,HDL  ,,,,,,,,,,,HMIS,,,,,,,,,,,,
,1291,Services,Nos,Magnesium  ,,,,,,,,,,,HMIS,,,,,,,,,,,,
,1314,Services,Nos,SGPT/ALT  ,,,,,,,,,,,HMIS,,,,,,,,,,,,
,1285,Services,Nos,Uric acid  ,,,,,,,,,,,HMIS,,,,,,,,,,,,
,1309,Services,Nos,LDH    ,,,,,,,,,,,HMIS,,,,,,,,,,,,
,1311,Services,Nos,Alkaline Phosphate  ,,,,,,,,,,,HMIS,,,,,,,,,,,,
,1205,Services,Nos,ANA  ,,,,,,,,,,,HMIS,,,,,,,,,,,,
,1313,Services,Nos,SGOT/AST  ,,,,,,,,,,,HMIS,,,,,,,,,,,,
,1475,Services,Nos,Basic Serology  ,,,,,,,,,,,HMIS,,,,,,,,,,,,
,1324,Services,Nos,Protein    ,,,,,,,,,,,HMIS,,,,,,,,,,,,
,1310,Services,Nos,Amylase  ,,,,,,,,,,,HMIS,,,,,,,,,,,,
,1308,Services,Nos,BUN  ,,,,,,,,,,,HMIS,,,,,,,,,,,,
,1250,Services,Nos,HIV    ,,,,,,,,,,,HMIS,,,,,,,,,,,,
,1263,Services,Nos,MP Serology  ,,,,,,,,,,,HMIS,,,,,,,,,,,,
,1252,Services,Nos,Glucose   ,,,,,,,,,,,HMIS,,,,,,,,,,,,
,1262,Services,Nos,CRP  ,,,,,,,,,,,HMIS,,,,,,,,,,,,
,1267,Services,Nos,Gamma-GT  ,,,,,,,,,,,HMIS,,,,,,,,,,,,
,1260,Services,Nos,K-39  ,,,,,,,,,,,HMIS,,,,,,,,,,,,
,1265,Services,Nos,ASO  ,,,,,,,,,,,HMIS,,,,,,,,,,,,
,1480,Services,Nos,Liver Function  ,,,,,,,,,,,HMIS,,,,,,,,,,,,
,1266,Services,Nos,VDRL     ,,,,,,,,,,,HMIS,,,,,,,,,,,,
,1479,Services,Nos,Liver Function - General  ,,,,,,,,,,,HMIS,,,,,,,,,,,,
,1478,Services,Nos,Kidney Function  ,,,,,,,,,,,HMIS,,,,,,,,,,,,
,1264,Services,Nos,RA  ,,,,,,,,,,,HMIS,,,,,,,,,,,,
,1321,Services,Nos,Bilirubin Direct  ,,,,,,,,,,,HMIS,,,,,,,,,,,,
,1287,Services,Nos,HCV    ,,,,,,,,,,,HMIS,,,,,,,,,,,,
,1482,Services,Nos,ANC    ,,,,,,,,,,,HMIS,,,,,,,,,,,,
,1481,Services,Nos,i-STAT  ,,,,,,,,,,,HMIS,,,,,,,,,,,,
,1312,Services,Nos,Bilirubin Total  ,,,,,,,,,,,HMIS,,,,,,,,,,,,
,1477,Services,Nos,Lipid Profile  ,,,,,,,,,,,HMIS,,,,,,,,,,,,
,1476,Services,Nos,Cardiac Marker  ,,,,,,,,,,,HMIS,,,,,,,,,,,,
,1717,Services,Nos,TSH  ,,,,,,,,,,,HMIS,,,,,,,,,,,,
,1715,Services,Nos,T3  ,,,,,,,,,,,HMIS,,,,,,,,,,,,
,1716,Services,Nos,T4  ,,,,,,,,,,,HMIS,,,,,,,,,,,,
,1340,Services,Nos,Liquification time    ,,,,,,,,,,,HMIS,,,,,,,,,,,,
,3344,Services,Nos,Colour  ,,,,,,,,,,,HMIS,,,,,,,,,,,,
,3345,Services,Nos,Liquification time  ,,,,,,,,,,,HMIS,,,,,,,,,,,,
,1351,Services,Nos,Color    ,,,,,,,,,,,HMIS,,,,,,,,,,,,
,3346,Services,Nos,Motility  ,,,,,,,,,,,HMIS,,,,,,,,,,,,
,3347,Services,Nos,Parasite  ,,,,,,,,,,,HMIS,,,,,,,,,,,,
,1350,Services,Nos,Volume    ,,,,,,,,,,,HMIS,,,,,,,,,,,,
,3348,Services,Nos,RBC    ,,,,,,,,,,,HMIS,,,,,,,,,,,,
,3349,Services,Nos,Result  ,,,,,,,,,,,HMIS,,,,,,,,,,,,
,3350,Services,Nos,Total Count  ,,,,,,,,,,,HMIS,,,,,,,,,,,,
,3351,Services,Nos,Viscoscity  ,,,,,,,,,,,HMIS,,,,,,,,,,,,
,1353,Services,Nos,Motility    ,,,,,,,,,,,HMIS,,,,,,,,,,,,
,3411,Services,Nos,Culture    ,,,,,,,,,,,HMIS,,,,,,,,,,,,
,3569,Services,Nos,Semen Analysis  ,,,,,,,,,,,HMIS,,,,,,,,,,,,
,1352,Services,Nos,Pus Cells    ,,,,,,,,,,,HMIS,,,,,,,,,,,,
,1355,Services,Nos,Morphology  ,,,,,,,,,,,HMIS,,,,,,,,,,,,
,1354,Services,Nos,Total Sperm Count  ,,,,,,,,,,,HMIS,,,,,,,,,,,,
,1357,Services,Nos,pH    ,,,,,,,,,,,HMIS,,,,,,,,,,,,
,1333,Services,Nos,Gram Stain    ,,,,,,,,,,,HMIS,,,,,,,,,,,,
,1484,Services,Nos,Semen Physical Examination  ,,,,,,,,,,,HMIS,,,,,,,,,,,,
,1349,Services,Nos,AFB Stain    ,,,,,,,,,,,HMIS,,,,,,,,,,,,
,1395,Services,Nos,Antibiotic Sensitivity    ,,,,,,,,,,,HMIS,,,,,,,,,,,,
,1485,Services,Nos,Semen Microscopic Examination  ,,,,,,,,,,,HMIS,,,,,,,,,,,,
,1345,Services,Nos,Viscosity  ,,,,,,,,,,,HMIS,,,,,,,,,,,,
,3268,Services,Nos,pH    ,,,,,,,,,,,HMIS,,,,,,,,,,,,
,3269,Services,Nos,Reducing substance  ,,,,,,,,,,,HMIS,,,,,,,,,,,,
,3270,Services,Nos,Fat    ,,,,,,,,,,,HMIS,,,,,,,,,,,,
,3286,Services,Nos,Coccidians  ,,,,,,,,,,,HMIS,,,,,,,,,,,,
,3364,Services,Nos,Color    ,,,,,,,,,,,HMIS,,,,,,,,,,,,
,3365,Services,Nos,Fat Droplets    ,,,,,,,,,,,HMIS,,,,,,,,,,,,
,3366,Services,Nos,Food Particles    ,,,,,,,,,,,HMIS,,,,,,,,,,,,
,3367,Services,Nos,Others    ,,,,,,,,,,,HMIS,,,,,,,,,,,,
,3368,Services,Nos,Ova/Parasite/Cyst  ,,,,,,,,,,,HMIS,,,,,,,,,,,,
,3369,Services,Nos,Pus Cells    ,,,,,,,,,,,HMIS,,,,,,,,,,,,
,3370,Services,Nos,Quality  ,,,,,,,,,,,HMIS,,,,,,,,,,,,
,1369,Services,Nos,Colour    ,,,,,,,,,,,HMIS,,,,,,,,,,,,
,3371,Services,Nos,Color    ,,,,,,,,,,,HMIS,,,,,,,,,,,,
,3372,Services,Nos,Fat Droplets    ,,,,,,,,,,,HMIS,,,,,,,,,,,,
,3373,Services,Nos,Food Particles    ,,,,,,,,,,,HMIS,,,,,,,,,,,,
,3374,Services,Nos,Others    ,,,,,,,,,,,HMIS,,,,,,,,,,,,
,3375,Services,Nos,Stool occult blood  ,,,,,,,,,,,HMIS,,,,,,,,,,,,
,3394,Services,Nos,Routine Microbiology Culture    ,,,,,,,,,,,HMIS,,,,,,,,,,,,
,1371,Services,Nos,Consistency  ,,,,,,,,,,,HMIS,,,,,,,,,,,,
,3415,Services,Nos,ZN Stain    ,,,,,,,,,,,HMIS,,,,,,,,,,,,
,3427,Services,Nos,Hanging Drop    ,,,,,,,,,,,HMIS,,,,,,,,,,,,
,3564,Services,Nos,Environment  ,,,,,,,,,,,HMIS,,,,,,,,,,,,
,3570,Services,Nos,Stool Microscopy w/o Concetration  ,,,,,,,,,,,HMIS,,,,,,,,,,,,
,3571,Services,Nos,Stool Microscopy with Concetration  ,,,,,,,,,,,HMIS,,,,,,,,,,,,
,1370,Services,Nos,Blood    ,,,,,,,,,,,HMIS,,,,,,,,,,,,
,1373,Services,Nos,Mucus  ,,,,,,,,,,,HMIS,,,,,,,,,,,,
,1372,Services,Nos,Pus    ,,,,,,,,,,,HMIS,,,,,,,,,,,,
,1375,Services,Nos,RBC    ,,,,,,,,,,,HMIS,,,,,,,,,,,,
,1374,Services,Nos,Yeast Cells    ,,,,,,,,,,,HMIS,,,,,,,,,,,,
,1377,Services,Nos,Fat Droplets  ,,,,,,,,,,,HMIS,,,,,,,,,,,,
,1376,Services,Nos,Protozol parasite/Ova/Cyst/Trophozoites  ,,,,,,,,,,,HMIS,,,,,,,,,,,,
,1332,Services,Nos,Gram Stain    ,,,,,,,,,,,HMIS,,,,,,,,,,,,
,1396,Services,Nos,Helminths parasite/Ova/Cyst/Trophozoites  ,,,,,,,,,,,HMIS,,,,,,,,,,,,
,1378,Services,Nos,Occult Blood Test  ,,,,,,,,,,,HMIS,,,,,,,,,,,,
,1348,Services,Nos,AFB Stain    ,,,,,,,,,,,HMIS,,,,,,,,,,,,
,1397,Services,Nos,Antibiotic Sensitivity    ,,,,,,,,,,,HMIS,,,,,,,,,,,,
,1487,Services,Nos,Stool Physical Examination  ,,,,,,,,,,,HMIS,,,,,,,,,,,,
,1488,Services,Nos,Stool Microscopic Examination  ,,,,,,,,,,,HMIS,,,,,,,,,,,,
,1379,Services,Nos,Stool Reducing Substance Test  ,,,,,,,,,,,HMIS,,,,,,,,,,,,
,1398,Services,Nos,Culture    ,,,,,,,,,,,HMIS,,,,,,,,,,,,
,1489,Services,Nos,Stool Chemical Examination  ,,,,,,,,,,,HMIS,,,,,,,,,,,,
,3396,Services,Nos,Montoux Test    ,,,,,,,,,,,HMIS,,,,,,,,,,,,
,1404,Services,Nos,Antibiotic Sensitivity    ,,,,,,,,,,,HMIS,,,,,,,,,,,,
,3260,Services,Nos,ZN Stain    ,,,,,,,,,,,HMIS,,,,,,,,,,,,
,3256,Services,Nos,Differential Count    ,,,,,,,,,,,HMIS,,,,,,,,,,,,
,3255,Services,Nos,Cytology    ,,,,,,,,,,,HMIS,,,,,,,,,,,,
,3257,Services,Nos,Pendy Reagent Test  ,,,,,,,,,,,HMIS,,,,,,,,,,,,
,1342,Services,Nos,Granulocyte Count    ,,,,,,,,,,,HMIS,,,,,,,,,,,,
,1403,Services,Nos,Culture    ,,,,,,,,,,,HMIS,,,,,,,,,,,,
,3259,Services,Nos,Total Leucocyte Count    ,,,,,,,,,,,HMIS,,,,,,,,,,,,
,3258,Services,Nos,Sugar    ,,,,,,,,,,,HMIS,,,,,,,,,,,,
,3514,Services,Nos,Adinosin diamarese    ,,,,,,,,,,,HMIS,,,,,,,,,,,,
,3496,Services,Nos,LPA    ,,,,,,,,,,,HMIS,,,,,,,,,,,,
,3497,Services,Nos,LJ    ,,,,,,,,,,,HMIS,,,,,,,,,,,,
,3498,Services,Nos,CBNAAT    ,,,,,,,,,,,HMIS,,,,,,,,,,,,
,1343,Services,Nos,Agranulocyte Count    ,,,,,,,,,,,HMIS,,,,,,,,,,,,
,1292,Services,Nos,Transparency    ,,,,,,,,,,,HMIS,,,,,,,,,,,,
,1289,Services,Nos,Appearance    ,,,,,,,,,,,HMIS,,,,,,,,,,,,
,1295,Services,Nos,DLC    ,,,,,,,,,,,HMIS,,,,,,,,,,,,
,1293,Services,Nos,Colour    ,,,,,,,,,,,HMIS,,,,,,,,,,,,
,1299,Services,Nos,Lymphocyte    ,,,,,,,,,,,HMIS,,,,,,,,,,,,
,1297,Services,Nos,TLC    ,,,,,,,,,,,HMIS,,,,,,,,,,,,
,1328,Services,Nos,Monocyte    ,,,,,,,,,,,HMIS,,,,,,,,,,,,
,1330,Services,Nos,Eosinophil    ,,,,,,,,,,,HMIS,,,,,,,,,,,,
,1301,Services,Nos,Neutrophil    ,,,,,,,,,,,HMIS,,,,,,,,,,,,
,1329,Services,Nos,Basophil    ,,,,,,,,,,,HMIS,,,,,,,,,,,,
,1361,Services,Nos,AFB Stain    ,,,,,,,,,,,HMIS,,,,,,,,,,,,
,1323,Services,Nos,Glucose    ,,,,,,,,,,,HMIS,,,,,,,,,,,,
,1320,Services,Nos,Protein    ,,,,,,,,,,,HMIS,,,,,,,,,,,,
,1356,Services,Nos,Gram Stain    ,,,,,,,,,,,HMIS,,,,,,,,,,,,
,1316,Services,Nos,ADA    ,,,,,,,,,,,HMIS,,,,,,,,,,,,
,1318,Services,Nos,pH    ,,,,,,,,,,,HMIS,,,,,,,,,,,,
,3410,Services,Nos,Culture    ,,,,,,,,,,,HMIS,,,,,,,,,,,,
,3425,Services,Nos,Gram Stain    ,,,,,,,,,,,HMIS,,,,,,,,,,,,
,3426,Services,Nos,ZN Stain    ,,,,,,,,,,,HMIS,,,,,,,,,,,,
,3481,Services,Nos,Histopathology    ,,,,,,,,,,,HMIS,,,,,,,,,,,,
,3483,Services,Nos,Fine Needle Aspiration Cytology    ,,,,,,,,,,,HMIS,,,,,,,,,,,,
,3485,Services,Nos,Cytopathology    ,,,,,,,,,,,HMIS,,,,,,,,,,,,
,3538,Services,Nos,LPA    ,,,,,,,,,,,HMIS,,,,,,,,,,,,
,3539,Services,Nos,LJ    ,,,,,,,,,,,HMIS,,,,,,,,,,,,
,3540,Services,Nos,CBNAAT    ,,,,,,,,,,,HMIS,,,,,,,,,,,,
,3397,Services,Nos,Scrapping for Fungus    ,,,,,,,,,,,HMIS,,,,,,,,,,,,
,3210,Services,Nos,Culture    ,,,,,,,,,,,HMIS,,,,,,,,,,,,
,3214,Services,Nos,Protein    ,,,,,,,,,,,HMIS,,,,,,,,,,,,
,3217,Services,Nos,ZN Stain    ,,,,,,,,,,,HMIS,,,,,,,,,,,,
,3212,Services,Nos,Differential Count    ,,,,,,,,,,,HMIS,,,,,,,,,,,,
,3213,Services,Nos,Gram Stain    ,,,,,,,,,,,HMIS,,,,,,,,,,,,
,3215,Services,Nos,Sugar    ,,,,,,,,,,,HMIS,,,,,,,,,,,,
,3216,Services,Nos,Total Leucocyte Count    ,,,,,,,,,,,HMIS,,,,,,,,,,,,
,3211,Services,Nos,Cytology    ,,,,,,,,,,,HMIS,,,,,,,,,,,,
,3493,Services,Nos,LPA    ,,,,,,,,,,,HMIS,,,,,,,,,,,,
,3494,Services,Nos,LJ    ,,,,,,,,,,,HMIS,,,,,,,,,,,,
,3495,Services,Nos,CBNAAT    ,,,,,,,,,,,HMIS,,,,,,,,,,,,
,3451,Services,Nos,Pus Cell    ,,,,,,,,,,,HMIS,,,,,,,,,,,,
,3452,Services,Nos,Red Blood Cell    ,,,,,,,,,,,HMIS,,,,,,,,,,,,
,3456,Services,Nos,Epithelial Cell    ,,,,,,,,,,,HMIS,,,,,,,,,,,,
,3457,Services,Nos,Parasite    ,,,,,,,,,,,HMIS,,,,,,,,,,,,
,3458,Services,Nos,ZN Stain    ,,,,,,,,,,,HMIS,,,,,,,,,,,,
,3459,Services,Nos,Gram Stain    ,,,,,,,,,,,HMIS,,,,,,,,,,,,
,3461,Services,Nos,AFB Culture    ,,,,,,,,,,,HMIS,,,,,,,,,,,,
,3462,Services,Nos,Cytology    ,,,,,,,,,,,HMIS,,,,,,,,,,,,
,3619,Services,Nos,Routine Microbiology Culture    ,,,,,,,,,,,HMIS,,,,,,,,,,,,
,3515,Services,Nos,Adinosin diamarese    ,,,,,,,,,,,HMIS,,,,,,,,,,,,
,3511,Services,Nos,LPA    ,,,,,,,,,,,HMIS,,,,,,,,,,,,
,3512,Services,Nos,LJ    ,,,,,,,,,,,HMIS,,,,,,,,,,,,
,3513,Services,Nos,CBNAAT    ,,,,,,,,,,,HMIS,,,,,,,,,,,,
,3463,Services,Nos,Pus Cell    ,,,,,,,,,,,HMIS,,,,,,,,,,,,
,3464,Services,Nos,Red Blood Cell    ,,,,,,,,,,,HMIS,,,,,,,,,,,,
,3466,Services,Nos,Epithelial Cell    ,,,,,,,,,,,HMIS,,,,,,,,,,,,
,3467,Services,Nos,Parasite    ,,,,,,,,,,,HMIS,,,,,,,,,,,,
,3468,Services,Nos,ZN Stain    ,,,,,,,,,,,HMIS,,,,,,,,,,,,
,3469,Services,Nos,Gram Stain    ,,,,,,,,,,,HMIS,,,,,,,,,,,,
,3470,Services,Nos,AFB Culture    ,,,,,,,,,,,HMIS,,,,,,,,,,,,
,3472,Services,Nos,Cytology    ,,,,,,,,,,,HMIS,,,,,,,,,,,,
,3473,Services,Nos,Routine Microbiology Culture    ,,,,,,,,,,,HMIS,,,,,,,,,,,,
,3516,Services,Nos,Adinosin diamarese    ,,,,,,,,,,,HMIS,,,,,,,,,,,,
,3508,Services,Nos,LPA    ,,,,,,,,,,,HMIS,,,,,,,,,,,,
,3509,Services,Nos,LJ    ,,,,,,,,,,,HMIS,,,,,,,,,,,,
,3510,Services,Nos,CBNAAT    ,,,,,,,,,,,HMIS,,,,,,,,,,,,
,3287,Services,Nos,Culture    ,,,,,,,,,,,HMIS,,,,,,,,,,,,
,3288,Services,Nos,Cytology    ,,,,,,,,,,,HMIS,,,,,,,,,,,,
,3294,Services,Nos,ZN Stain    ,,,,,,,,,,,HMIS,,,,,,,,,,,,
,3292,Services,Nos,Sugar    ,,,,,,,,,,,HMIS,,,,,,,,,,,,
,3291,Services,Nos,Protein    ,,,,,,,,,,,HMIS,,,,,,,,,,,,
,3290,Services,Nos,Gram Stain    ,,,,,,,,,,,HMIS,,,,,,,,,,,,
,3293,Services,Nos,Total Leucocyte Count    ,,,,,,,,,,,HMIS,,,,,,,,,,,,
,3289,Services,Nos,Differential Count    ,,,,,,,,,,,HMIS,,,,,,,,,,,,
,3517,Services,Nos,Adinosin diamarese    ,,,,,,,,,,,HMIS,,,,,,,,,,,,
,3499,Services,Nos,LPA    ,,,,,,,,,,,HMIS,,,,,,,,,,,,
,3500,Services,Nos,LJ    ,,,,,,,,,,,HMIS,,,,,,,,,,,,
,3501,Services,Nos,CBNAAT    ,,,,,,,,,,,HMIS,,,,,,,,,,,,
,3333,Services,Nos,Sugar    ,,,,,,,,,,,HMIS,,,,,,,,,,,,
,1424,Services,Nos,ADA    ,,,,,,,,,,,HMIS,,,,,,,,,,,,
,3335,Services,Nos,Total Leucocyte Count    ,,,,,,,,,,,HMIS,,,,,,,,,,,,
,1425,Services,Nos,Antibiotic Sensitivity    ,,,,,,,,,,,HMIS,,,,,,,,,,,,
,1405,Services,Nos,Agranulocyte Count    ,,,,,,,,,,,HMIS,,,,,,,,,,,,
,3337,Services,Nos,ZN Stain    ,,,,,,,,,,,HMIS,,,,,,,,,,,,
,3327,Services,Nos,Cytology    ,,,,,,,,,,,HMIS,,,,,,,,,,,,
,3329,Services,Nos,Differential Count    ,,,,,,,,,,,HMIS,,,,,,,,,,,,
,3518,Services,Nos,Adinosin diamarese    ,,,,,,,,,,,HMIS,,,,,,,,,,,,
,3505,Services,Nos,LPA    ,,,,,,,,,,,HMIS,,,,,,,,,,,,
,3506,Services,Nos,LJ    ,,,,,,,,,,,HMIS,,,,,,,,,,,,
,3507,Services,Nos,CBNAAT    ,,,,,,,,,,,HMIS,,,,,,,,,,,,
,1407,Services,Nos,Appearance    ,,,,,,,,,,,HMIS,,,,,,,,,,,,
,1406,Services,Nos,Culture    ,,,,,,,,,,,HMIS,,,,,,,,,,,,
,1409,Services,Nos,Colour    ,,,,,,,,,,,HMIS,,,,,,,,,,,,
,1408,Services,Nos,Transparency    ,,,,,,,,,,,HMIS,,,,,,,,,,,,
,1411,Services,Nos,TLC    ,,,,,,,,,,,HMIS,,,,,,,,,,,,
,1410,Services,Nos,DLC    ,,,,,,,,,,,HMIS,,,,,,,,,,,,
,1413,Services,Nos,Neutrophil    ,,,,,,,,,,,HMIS,,,,,,,,,,,,
,1412,Services,Nos,Lymphocyte    ,,,,,,,,,,,HMIS,,,,,,,,,,,,
,1415,Services,Nos,Eosinophil    ,,,,,,,,,,,HMIS,,,,,,,,,,,,
,1416,Services,Nos,Glucose    ,,,,,,,,,,,HMIS,,,,,,,,,,,,
,1414,Services,Nos,Monocyte    ,,,,,,,,,,,HMIS,,,,,,,,,,,,
,1419,Services,Nos,AFB Stain    ,,,,,,,,,,,HMIS,,,,,,,,,,,,
,1420,Services,Nos,LDH    ,,,,,,,,,,,HMIS,,,,,,,,,,,,
,1417,Services,Nos,Protein    ,,,,,,,,,,,HMIS,,,,,,,,,,,,
,1418,Services,Nos,Basophil    ,,,,,,,,,,,HMIS,,,,,,,,,,,,
,1423,Services,Nos,Granulocyte Count    ,,,,,,,,,,,HMIS,,,,,,,,,,,,
,1421,Services,Nos,pH    ,,,,,,,,,,,HMIS,,,,,,,,,,,,
,1422,Services,Nos,Gram Stain    ,,,,,,,,,,,HMIS,,,,,,,,,,,,
,3310,Services,Nos,Cytology    ,,,,,,,,,,,HMIS,,,,,,,,,,,,
,3312,Services,Nos,Gram Stain    ,,,,,,,,,,,HMIS,,,,,,,,,,,,
,3316,Services,Nos,ZN Stain    ,,,,,,,,,,,HMIS,,,,,,,,,,,,
,3309,Services,Nos,Culture    ,,,,,,,,,,,HMIS,,,,,,,,,,,,
,3315,Services,Nos,Total Leucocyte Count    ,,,,,,,,,,,HMIS,,,,,,,,,,,,
,3313,Services,Nos,Protein    ,,,,,,,,,,,HMIS,,,,,,,,,,,,
,3311,Services,Nos,Differential Count    ,,,,,,,,,,,HMIS,,,,,,,,,,,,
,3314,Services,Nos,Sugar    ,,,,,,,,,,,HMIS,,,,,,,,,,,,
,3519,Services,Nos,Adinosin diamarese    ,,,,,,,,,,,HMIS,,,,,,,,,,,,
,3502,Services,Nos,LPA    ,,,,,,,,,,,HMIS,,,,,,,,,,,,
,3503,Services,Nos,LJ    ,,,,,,,,,,,HMIS,,,,,,,,,,,,
,3504,Services,Nos,CBNAAT    ,,,,,,,,,,,HMIS,,,,,,,,,,,,
,1278,Services,Nos,ADA    ,,,,,,,,,,,HMIS,,,,,,,,,,,,
,1402,Services,Nos,Antibiotic Sensitivity    ,,,,,,,,,,,HMIS,,,,,,,,,,,,
,1399,Services,Nos,Agranulocyte Count    ,,,,,,,,,,,HMIS,,,,,,,,,,,,
,1327,Services,Nos,Appearance    ,,,,,,,,,,,HMIS,,,,,,,,,,,,
,1400,Services,Nos,Culture    ,,,,,,,,,,,HMIS,,,,,,,,,,,,
,1326,Services,Nos,Colour    ,,,,,,,,,,,HMIS,,,,,,,,,,,,
,1325,Services,Nos,Transparency    ,,,,,,,,,,,HMIS,,,,,,,,,,,,
,1256,Services,Nos,TLC    ,,,,,,,,,,,HMIS,,,,,,,,,,,,
,1257,Services,Nos,DLC    ,,,,,,,,,,,HMIS,,,,,,,,,,,,
,1258,Services,Nos,Neutrophil    ,,,,,,,,,,,HMIS,,,,,,,,,,,,
,1259,Services,Nos,Lymphocyte    ,,,,,,,,,,,HMIS,,,,,,,,,,,,
,1251,Services,Nos,Eosinophil    ,,,,,,,,,,,HMIS,,,,,,,,,,,,
,1254,Services,Nos,Glucose    ,,,,,,,,,,,HMIS,,,,,,,,,,,,
,1249,Services,Nos,Monocyte    ,,,,,,,,,,,HMIS,,,,,,,,,,,,
,1360,Services,Nos,AFB Stain    ,,,,,,,,,,,HMIS,,,,,,,,,,,,
,1283,Services,Nos,LDH    ,,,,,,,,,,,HMIS,,,,,,,,,,,,
,1248,Services,Nos,Protein    ,,,,,,,,,,,HMIS,,,,,,,,,,,,
,1255,Services,Nos,Basophil    ,,,,,,,,,,,HMIS,,,,,,,,,,,,
,1401,Services,Nos,Granulocyte Count    ,,,,,,,,,,,HMIS,,,,,,,,,,,,
,1247,Services,Nos,pH    ,,,,,,,,,,,HMIS,,,,,,,,,,,,
,1359,Services,Nos,Gram Stain    ,,,,,,,,,,,HMIS,,,,,,,,,,,,
,3474,Services,Nos,Normal Saline mount    ,,,,,,,,,,,HMIS,,,,,,,,,,,,
,3475,Services,Nos,KOH mount    ,,,,,,,,,,,HMIS,,,,,,,,,,,,
,3476,Services,Nos,pH    ,,,,,,,,,,,HMIS,,,,,,,,,,,,
,3477,Services,Nos,Whiff test    ,,,,,,,,,,,HMIS,,,,,,,,,,,,
,3478,Services,Nos,Gram Stain    ,,,,,,,,,,,HMIS,,,,,,,,,,,,
,3479,Services,Nos,Zn Stain    ,,,,,,,,,,,HMIS,,,,,,,,,,,,
,3480,Services,Nos,Cytology    ,,,,,,,,,,,HMIS,,,,,,,,,,,,
,3523,Services,Nos,LPA    ,,,,,,,,,,,HMIS,,,,,,,,,,,,
,3524,Services,Nos,LJ    ,,,,,,,,,,,HMIS,,,,,,,,,,,,
,3525,Services,Nos,CBNAAT    ,,,,,,,,,,,HMIS,,,,,,,,,,,,
,3520,Services,Nos,LPA    ,,,,,,,,,,,HMIS,,,,,,,,,,,,
,3521,Services,Nos,LJ    ,,,,,,,,,,,HMIS,,,,,,,,,,,,
,3522,Services,Nos,CBNAAT    ,,,,,,,,,,,HMIS,,,,,,,,,,,,
,3393,Services,Nos,Culture    ,,,,,,,,,,,HMIS,,,,,,,,,,,,
,1362,Services,Nos,AFB Stain    ,,,,,,,,,,,HMIS,,,,,,,,,,,,
,3416,Services,Nos,ZN Stain    ,,,,,,,,,,,HMIS,,,,,,,,,,,,
,3488,Services,Nos,LPA    ,,,,,,,,,,,HMIS,,,,,,,,,,,,
,3490,Services,Nos,LJ    ,,,,,,,,,,,HMIS,,,,,,,,,,,,
,3492,Services,Nos,CBNAAT    ,,,,,,,,,,,HMIS,,,,,,,,,,,,
,1363,Services,Nos,Rifampicin resistance    ,,,,,,,,,,,HMIS,,,,,,,,,,,,
,1334,Services,Nos,Gram Stain    ,,,,,,,,,,,HMIS,,,,,,,,,,,,
,1431,Services,Nos,Antibiotic Sensitivity    ,,,,,,,,,,,HMIS,,,,,,,,,,,,
,1430,Services,Nos,GenXpert  ,,,,,,,,,,,HMIS,,,,,,,,,,,,
,1367,Services,Nos,AFB Stain    ,,,,,,,,,,,HMIS,,,,,,,,,,,,
,1339,Services,Nos,Gram Stain    ,,,,,,,,,,,HMIS,,,,,,,,,,,,
,1432,Services,Nos,Antibiotic Sensitivity    ,,,,,,,,,,,HMIS,,,,,,,,,,,,
,1433,Services,Nos,Culture    ,,,,,,,,,,,HMIS,,,,,,,,,,,,
,1453,Services,Nos,Antibiotic Sensitivity    ,,,,,,,,,,,HMIS,,,,,,,,,,,,
,1454,Services,Nos,Culture    ,,,,,,,,,,,HMIS,,,,,,,,,,,,
,1434,Services,Nos,Agranulocyte Count    ,,,,,,,,,,,HMIS,,,,,,,,,,,,
,1436,Services,Nos,Transparency    ,,,,,,,,,,,HMIS,,,,,,,,,,,,
,1435,Services,Nos,Appearance    ,,,,,,,,,,,HMIS,,,,,,,,,,,,
,1438,Services,Nos,DLC    ,,,,,,,,,,,HMIS,,,,,,,,,,,,
,1437,Services,Nos,Colour    ,,,,,,,,,,,HMIS,,,,,,,,,,,,
,1440,Services,Nos,Lymphocyte    ,,,,,,,,,,,HMIS,,,,,,,,,,,,
,1439,Services,Nos,TLC    ,,,,,,,,,,,HMIS,,,,,,,,,,,,
,1442,Services,Nos,Monocyte    ,,,,,,,,,,,HMIS,,,,,,,,,,,,
,1441,Services,Nos,Neutrophil    ,,,,,,,,,,,HMIS,,,,,,,,,,,,
,1444,Services,Nos,Glucose    ,,,,,,,,,,,HMIS,,,,,,,,,,,,
,1445,Services,Nos,Protein    ,,,,,,,,,,,HMIS,,,,,,,,,,,,
,1443,Services,Nos,Eosinophil    ,,,,,,,,,,,HMIS,,,,,,,,,,,,
,1448,Services,Nos,LDH    ,,,,,,,,,,,HMIS,,,,,,,,,,,,
,1449,Services,Nos,pH    ,,,,,,,,,,,HMIS,,,,,,,,,,,,
,1446,Services,Nos,Basophil    ,,,,,,,,,,,HMIS,,,,,,,,,,,,
,1447,Services,Nos,AFB Stain    ,,,,,,,,,,,HMIS,,,,,,,,,,,,
,1452,Services,Nos,ADA    ,,,,,,,,,,,HMIS,,,,,,,,,,,,
,1450,Services,Nos,Gram Stain    ,,,,,,,,,,,HMIS,,,,,,,,,,,,
,1451,Services,Nos,Granulocyte Count    ,,,,,,,,,,,HMIS,,,,,,,,,,,,
,1366,Services,Nos,AFB Stain    ,,,,,,,,,,,HMIS,,,,,,,,,,,,
,3419,Services,Nos,ZN Stain    ,,,,,,,,,,,HMIS,,,,,,,,,,,,
,1336,Services,Nos,M. Leprae    ,,,,,,,,,,,HMIS,,,,,,,,,,,,
,1337,Services,Nos,Rifampicin resistance    ,,,,,,,,,,,HMIS,,,,,,,,,,,,
,1341,Services,Nos,Gram Stain    ,,,,,,,,,,,HMIS,,,,,,,,,,,,
,1455,Services,Nos,Antibiotic Sensitivity    ,,,,,,,,,,,HMIS,,,,,,,,,,,,
,1347,Services,Nos,Borderline Tuberculoid  ,,,,,,,,,,,HMIS,,,,,,,,,,,,
,1456,Services,Nos,High Vaginal Swab Culture  ,,,,,,,,,,,HMIS,,,,,,,,,,,,
,1458,Services,Nos,KOH Preparation  ,,,,,,,,,,,HMIS,,,,,,,,,,,,
,1457,Services,Nos,Wet Mouth Preparation  ,,,,,,,,,,,HMIS,,,,,,,,,,,,
,1459,Services,Nos,Mantoux Test  ,,,,,,,,,,,HMIS,,,,,,,,,,,,
,3775,Services,Nos,Foot x-ray ,,,,,,,,,,,HMIS,,,,,,,,,,,,
,270,Services,Nos,LEG Foot AP ,,,,,,,,,,,HMIS,,,,,,,,,,,,
,272,Services,Nos,LEG Foot lateral ,,,,,,,,,,,HMIS,,,,,,,,,,,,
,271,Services,Nos,LEG Foot oblique ,,,,,,,,,,,HMIS,,,,,,,,,,,,
,186,Services,Nos,"Foot - Right, 2 views  ",,,,,,,,,,,HMIS,,,,,,,,,,,,
,183,Services,Nos,"Foot - Left, 2 views  ",,,,,,,,,,,HMIS,,,,,,,,,,,,
,273,Services,Nos,CHEST PA ,,,,,,,,,,,HMIS,,,,,,,,,,,,
,275,Services,Nos,CHEST AP ,,,,,,,,,,,HMIS,,,,,,,,,,,,
,219,Services,Nos,Chest oblique - Bilateral  ,,,,,,,,,,,HMIS,,,,,,,,,,,,
,218,Services,Nos,Chest lordotic  ,,,,,,,,,,,HMIS,,,,,,,,,,,,
,274,Services,Nos,CHEST Lateral ,,,,,,,,,,,HMIS,,,,,,,,,,,,
,216,Services,Nos,"Chest, 4 views  ",,,,,,,,,,,HMIS,,,,,,,,,,,,
,4933,Services,Nos,Chest ,,,,,,,,,,,HMIS,,,,,,,,,,,,
,174,Services,Nos,"Chest, 2 views  ",,,,,,,,,,,HMIS,,,,,,,,,,,,
,164,Services,Nos,"Chest, 1 view  ",,,,,,,,,,,HMIS,,,,,,,,,,,,
,3776,Services,Nos,"Radiology, Chest x-ray ",,,,,,,,,,,HMIS,,,,,,,,,,,,
,4488,Services,Nos,"skull, 3 Views X-Ray ",,,,,,,,,,,HMIS,,,,,,,,,,,,
,215,Services,Nos,"Skull, 4 views  ",,,,,,,,,,,HMIS,,,,,,,,,,,,
,285,Services,Nos,HEAD Skull lateral ,,,,,,,,,,,HMIS,,,,,,,,,,,,
,282,Services,Nos,HEAD Skull PA ,,,,,,,,,,,HMIS,,,,,,,,,,,,
,3777,Services,Nos,Skull X-ray ,,,,,,,,,,,HMIS,,,,,,,,,,,,
,288,Services,Nos,HEAD Mandible AP ,,,,,,,,,,,HMIS,,,,,,,,,,,,
,289,Services,Nos,HEAD Mandible PA ,,,,,,,,,,,HMIS,,,,,,,,,,,,
,290,Services,Nos,HEAD Mandible oblique lateral ,,,,,,,,,,,HMIS,,,,,,,,,,,,
,217,Services,Nos,Mandible panorex  ,,,,,,,,,,,HMIS,,,,,,,,,,,,
,4490,Services,Nos,Nasal Bone X-Ray  ,,,,,,,,,,,HMIS,,,,,,,,,,,,
,4492,Services,Nos,Paranasal Sinuses ,,,,,,,,,,,HMIS,,,,,,,,,,,,
,4491,Services,Nos,Paranasal Sinuses ,,,,,,,,,,,HMIS,,,,,,,,,,,,
,4970,Services,Nos,C-Spine Lateral View ,,,,,,,,,,,HMIS,,,,,,,,,,,,
,4493,Services,Nos,C- Spine  View ,,,,,,,,,,,HMIS,,,,,,,,,,,,
,4914,Services,Nos,C- Spine  ,,,,,,,,,,,HMIS,,,,,,,,,,,,
,227,Services,Nos,Neck soft tissue  ,,,,,,,,,,,HMIS,,,,,,,,,,,,
,4915,Services,Nos,T-Spine AP ,,,,,,,,,,,HMIS,,,,,,,,,,,,
,4972,Services,Nos,T-Spine Lateral ,,,,,,,,,,,HMIS,,,,,,,,,,,,
,4917,Services,Nos,L-Spine  ,,,,,,,,,,,HMIS,,,,,,,,,,,,
,4918,Services,Nos,L-Spine ,,,,,,,,,,,HMIS,,,,,,,,,,,,
,4916,Services,Nos,T/L Spine APT ,,,,,,,,,,,HMIS,,,,,,,,,,,,
,4971,Services,Nos,T/L Spine Lateral ,,,,,,,,,,,HMIS,,,,,,,,,,,,
,4920,Services,Nos,Sacrum/Coccyx  ,,,,,,,,,,,HMIS,,,,,,,,,,,,
,4973,Services,Nos,Sacrum/Coccyx  ,,,,,,,,,,,HMIS,,,,,,,,,,,,
,4921,Services,Nos,Full Spine ,,,,,,,,,,,HMIS,,,,,,,,,,,,
,202,Services,Nos,"Shoulder - Right, 2 views  ",,,,,,,,,,,HMIS,,,,,,,,,,,,
,201,Services,Nos,"Shoulder - Left, 2 views  ",,,,,,,,,,,HMIS,,,,,,,,,,,,
,206,Services,Nos,"Clavicle - Right, 2 views  ",,,,,,,,,,,HMIS,,,,,,,,,,,,
,199,Services,Nos,"Clavicle - Left, 2 views  ",,,,,,,,,,,HMIS,,,,,,,,,,,,
,222,Services,Nos,Acromioclavicular joints - Bilateral  ,,,,,,,,,,,HMIS,,,,,,,,,,,,
,200,Services,Nos,"Humerus - Right, 2 views  ",,,,,,,,,,,HMIS,,,,,,,,,,,,
,195,Services,Nos,"Humerus - Left, 2 views  ",,,,,,,,,,,HMIS,,,,,,,,,,,,
,191,Services,Nos,"Elbow - Right, 2 views  ",,,,,,,,,,,HMIS,,,,,,,,,,,,
,188,Services,Nos,"Elbow - Left, 2 views  ",,,,,,,,,,,HMIS,,,,,,,,,,,,
,4985,Services,Nos,Radial-Ulna Lateral ,,,,,,,,,,,HMIS,,,,,,,,,,,,
,4922,Services,Nos,Radial-Ulna AP ,,,,,,,,,,,HMIS,,,,,,,,,,,,
,254,Services,Nos,ARM Wrist AP ,,,,,,,,,,,HMIS,,,,,,,,,,,,
,253,Services,Nos,ARM Wrist PA ,,,,,,,,,,,HMIS,,,,,,,,,,,,
,255,Services,Nos,ARM Wrist Lateral ,,,,,,,,,,,HMIS,,,,,,,,,,,,
,190,Services,Nos,"Wrist - Left, 2 views  ",,,,,,,,,,,HMIS,,,,,,,,,,,,
,192,Services,Nos,"Wrist - Right, 2 views  ",,,,,,,,,,,HMIS,,,,,,,,,,,,
,4923,Services,Nos,Bi-Wrist  ,,,,,,,,,,,HMIS,,,,,,,,,,,,
,4924,Services,Nos,Bi-Wrist ,,,,,,,,,,,HMIS,,,,,,,,,,,,
,4926,Services,Nos,Fingers ,,,,,,,,,,,HMIS,,,,,,,,,,,,
,4974,Services,Nos,Fingers ,,,,,,,,,,,HMIS,,,,,,,,,,,,
,181,Services,Nos,"Ribs - Left, 2 views  ",,,,,,,,,,,HMIS,,,,,,,,,,,,
,185,Services,Nos,"Ribs - Right, 2 views  ",,,,,,,,,,,HMIS,,,,,,,,,,,,
,4927,Services,Nos,Sternum ,,,,,,,,,,,HMIS,,,,,,,,,,,,
,4968,Services,Nos,Abdomen ,,,,,,,,,,,HMIS,,,,,,,,,,,,
,4969,Services,Nos,Abdomen  ,,,,,,,,,,,HMIS,,,,,,,,,,,,
,4928,Services,Nos,"Abdomen, 2 views ",,,,,,,,,,,HMIS,,,,,,,,,,,,
,4934,Services,Nos,Foreign Body ,,,,,,,,,,,HMIS,,,,,,,,,,,,
,4935,Services,Nos,Foreign Body ,,,,,,,,,,,HMIS,,,,,,,,,,,,
,168,Services,Nos,"Pelvis, 1 view  ",,,,,,,,,,,HMIS,,,,,,,,,,,,
,4930,Services,Nos,"Pelvis, 2 view  ",,,,,,,,,,,HMIS,,,,,,,,,,,,
,4936,Services,Nos,Pelvis ,,,,,,,,,,,HMIS,,,,,,,,,,,,
,179,Services,Nos,"Hip - Right, 2 views  ",,,,,,,,,,,HMIS,,,,,,,,,,,,
,176,Services,Nos,"Hip - Left, 2 views  ",,,,,,,,,,,HMIS,,,,,,,,,,,,
,262,Services,Nos,LEG Hip joint Lateral ,,,,,,,,,,,HMIS,,,,,,,,,,,,
,261,Services,Nos,LEG Hip joint AP ,,,,,,,,,,,HMIS,,,,,,,,,,,,
,4977,Services,Nos,Left Fumer Lateral ,,,,,,,,,,,HMIS,,,,,,,,,,,,
,4976,Services,Nos,Left Fumer AP ,,,,,,,,,,,HMIS,,,,,,,,,,,,
,4967,Services,Nos,Right Femur Lateral ,,,,,,,,,,,HMIS,,,,,,,,,,,,
,193,Services,Nos,"Femur - Right, 2 views  ",,,,,,,,,,,HMIS,,,,,,,,,,,,
,265,Services,Nos,LEG Knee AP ,,,,,,,,,,,HMIS,,,,,,,,,,,,
,266,Services,Nos,LEG Knee lateral ,,,,,,,,,,,HMIS,,,,,,,,,,,,
,4938,Services,Nos,"Patella, 2 Views ",,,,,,,,,,,HMIS,,,,,,,,,,,,
,4939,Services,Nos,"Right Tibia, AP ",,,,,,,,,,,HMIS,,,,,,,,,,,,
,4978,Services,Nos,"Left Tibia, AP ",,,,,,,,,,,HMIS,,,,,,,,,,,,
,4940,Services,Nos,"Right Tibia, Lateral ",,,,,,,,,,,HMIS,,,,,,,,,,,,
,4979,Services,Nos,"Left Tibia, Lateral ",,,,,,,,,,,HMIS,,,,,,,,,,,,
,225,Services,Nos,"Ankle - Right, 3 views  ",,,,,,,,,,,HMIS,,,,,,,,,,,,
,224,Services,Nos,"Ankle - Left, 3 views  ",,,,,,,,,,,HMIS,,,,,,,,,,,,
,4944,Services,Nos,"Right Ankle, Lateral ",,,,,,,,,,,HMIS,,,,,,,,,,,,
,4983,Services,Nos,"Left Ankle, Lateral ",,,,,,,,,,,HMIS,,,,,,,,,,,,
,4943,Services,Nos,"Right Ankle, AP ",,,,,,,,,,,HMIS,,,,,,,,,,,,
,4982,Services,Nos,"Left Ankle, AP ",,,,,,,,,,,HMIS,,,,,,,,,,,,
,208,Services,Nos,"Calcaneus - Right, 2 views  ",,,,,,,,,,,HMIS,,,,,,,,,,,,
,204,Services,Nos,"Calcaneus - Left, 2 views  ",,,,,,,,,,,HMIS,,,,,,,,,,,,
,4945,Services,Nos,"Toe, 2 Views ",,,,,,,,,,,HMIS,,,,,,,,,,,,
,4946,Services,Nos,Leg Length ,,,,,,,,,,,HMIS,,,,,,,,,,,,
,3791,Services,Nos,Regional exams ,,,,,,,,,,,HMIS,,,,,,,,,,,,
,3792,Services,Nos,Abdominal exam ,,,,,,,,,,,HMIS,,,,,,,,,,,,
,3793,Services,Nos,FAST exam ,,,,,,,,,,,HMIS,,,,,,,,,,,,
,3794,Services,Nos,Ultrasound guided biopsy exam ,,,,,,,,,,,HMIS,,,,,,,,,,,,
,3795,Services,Nos,Vascular exam Arterial/venous ,,,,,,,,,,,HMIS,,,,,,,,,,,,
,3796,Services,Nos,Obstetrics exam ,,,,,,,,,,,HMIS,,,,,,,,,,,,
,3797,Services,Nos,Cranial exam ,,,,,,,,,,,HMIS,,,,,,,,,,,,
,3782,Services,Nos,"Radiology, Hysterosalpingogram ",,,,,,,,,,,HMIS,,,,,,,,,,,,
,3783,Services,Nos,Barium Meal ,,,,,,,,,,,HMIS,,,,,,,,,,,,
,3784,Services,Nos,Barium Enema ,,,,,,,,,,,HMIS,,,,,,,,,,,,
,3785,Services,Nos,IVU ,,,,,,,,,,,HMIS,,,,,,,,,,,,
,3786,Services,Nos,MCU ,,,,,,,,,,,HMIS,,,,,,,,,,,,
,3787,Services,Nos,ACU ,,,,,,,,,,,HMIS,,,,,,,,,,,,
,3788,Services,Nos,Mammogram ,,,,,,,,,,,HMIS,,,,,,,,,,,,
,3789,Services,Nos,Orthopantomogram ,,,,,,,,,,,HMIS,,,,,,,,,,,,
,3799,Services,Nos,"Radiology, MRI ",,,,,,,,,,,HMIS,,,,,,,,,,,,
,3778,Services,Nos,Spine X-ray ,,,,,,,,,,,HMIS,,,,,,,,,,,,
,3779,Services,Nos,Pelvic X-ray ,,,,,,,,,,,HMIS,,,,,,,,,,,,
,3780,Services,Nos,Abdomen X-ray ,,,,,,,,,,,HMIS,,,,,,,,,,,,
,4947,Services,Nos,Mammography ,,,,,,,,,,,HMIS,,,,,,,,,,,,
,4948,Services,Nos,Dental/OPG ,,,,,,,,,,,HMIS,,,,,,,,,,,,
,4949,Services,Nos,Neck Ultrasound ,,,,,,,,,,,HMIS,,,,,,,,,,,,
,4950,Services,Nos,Thyroid Ultrasound ,,,,,,,,,,,HMIS,,,,,,,,,,,,
,4951,Services,Nos,Carotid/Neck Vascular Doppler ,,,,,,,,,,,HMIS,,,,,,,,,,,,
,4952,Services,Nos,Upper Limb Doppler  ,,,,,,,,,,,HMIS,,,,,,,,,,,,
,4953,Services,Nos,Breast Ultrasound ,,,,,,,,,,,HMIS,,,,,,,,,,,,
,4954,Services,Nos,Breast Ultrasound ,,,,,,,,,,,HMIS,,,,,,,,,,,,
,4955,Services,Nos,Abdomen Ultrasound ,,,,,,,,,,,HMIS,,,,,,,,,,,,
,4957,Services,Nos,KUBP  ,,,,,,,,,,,HMIS,,,,,,,,,,,,
,4956,Services,Nos,KUB  ,,,,,,,,,,,HMIS,,,,,,,,,,,,
,4958,Services,Nos,Fast Scan Ultrasound ,,,,,,,,,,,HMIS,,,,,,,,,,,,
,4959,Services,Nos,Pelvic/Gynae Ultrasound ,,,,,,,,,,,HMIS,,,,,,,,,,,,
,4960,Services,Nos,Obstetrics Ultrasound ,,,,,,,,,,,HMIS,,,,,,,,,,,,
,4961,Services,Nos,Lower limb Doppler Ultrasound ,,,,,,,,,,,HMIS,,,,,,,,,,,,
,4962,Services,Nos,Testicular/Scrotal Ultrasound ,,,,,,,,,,,HMIS,,,,,,,,,,,,
,4963,Services,Nos,Superficial/Regional Ultrasound ,,,,,,,,,,,HMIS,,,,,,,,,,,,
,4965,Services,Nos,Renal Doppler Ultrasound ,,,,,,,,,,,HMIS,,,,,,,,,,,,
,4029,Services,Nos,Eye Irrigation,,,,,,,,,,,HMIS,,,,,,,,,,,,
,4031,Services,Nos,Epilation,,,,,,,,,,,HMIS,,,,,,,,,,,,
,4032,Services,Nos,Lid Surgery,,,,,,,,,,,HMIS,,,,,,,,,,,,
,4033,Services,Nos,Chalazion I&D,,,,,,,,,,,HMIS,,,,,,,,,,,,
,4034,Services,Nos,Style I&D,,,,,,,,,,,HMIS,,,,,,,,,,,,
,4035,Services,Nos,Pterygium Excursion,,,,,,,,,,,HMIS,,,,,,,,,,,,
,4037,Services,Nos,EUA,,,,,,,,,,,HMIS,,,,,,,,,,,,
,4036,Services,Nos,Conjunctivitis Growth Excursion,,,,,,,,,,,HMIS,,,,,,,,,,,,
,4030,Services,Nos,Foreign Body Removal,,,,,,,,,,,HMIS,,,,,,,,,,,,
,4005,Services,Nos,Dermoid Cyst Excursion,,,,,,,,,,,HMIS,,,,,,,,,,,,
,4013,Services,Nos,Corneal Perforation Repair,,,,,,,,,,,HMIS,,,,,,,,,,,,
,4017,Services,Nos,Bilamellar Tarsal Plate Rotation,,,,,,,,,,,HMIS,,,,,,,,,,,,
,4020,Services,Nos,TET Trabeculectomy Glaucoma,,,,,,,,,,,HMIS,,,,,,,,,,,,
,4023,Services,Nos,Laser Diabetic Retinopathy,,,,,,,,,,,HMIS,,,,,,,,,,,,
,4024,Services,Nos,Scleral Perforation Repair,,,,,,,,,,,HMIS,,,,,,,,,,,,
,4025,Services,Nos,Cataract Removal,,,,,,,,,,,HMIS,,,,,,,,,,,,
,4026,Services,Nos,Corneal Repair,,,,,,,,,,,HMIS,,,,,,,,,,,,
,4027,Services,Nos,Foreign Body Removal,,,,,,,,,,,HMIS,,,,,,,,,,,,
,4028,Services,Nos,EUA,,,,,,,,,,,HMIS,,,,,,,,,,,,
,4237,Services,Nos,Simple Extraction,,,,,,,,,,,HMIS,,,,,,,,,,,,
,4240,Services,Nos,Open Disimpaction,,,,,,,,,,,HMIS,,,,,,,,,,,,
,4242,Services,Nos,Prophylaxis,,,,,,,,,,,HMIS,,,,,,,,,,,,
,4249,Services,Nos,Root Canal Premolar,,,,,,,,,,,HMIS,,,,,,,,,,,,
,4250,Services,Nos,Root Canal Molar,,,,,,,,,,,HMIS,,,,,,,,,,,,
,4248,Services,Nos,Root Canal anterior Tooth,,,,,,,,,,,HMIS,,,,,,,,,,,,
,4243,Services,Nos,Temporary Filling,,,,,,,,,,,HMIS,,,,,,,,,,,,
,4263,Services,Nos,Cobalt Chrome Denture,,,,,,,,,,,HMIS,,,,,,,,,,,,
,4239,Services,Nos,Closed Disimpaction,,,,,,,,,,,HMIS,,,,,,,,,,,,
,4265,Services,Nos,Denture Relining,,,,,,,,,,,HMIS,,,,,,,,,,,,
,4247,Services,Nos,Pulpotomy,,,,,,,,,,,HMIS,,,,,,,,,,,,
,4255,Services,Nos,Minor Dressing,,,,,,,,,,,HMIS,,,,,,,,,,,,
,4267,Services,Nos,Removable Orthodontic Appliances,,,,,,,,,,,HMIS,,,,,,,,,,,,
,4254,Services,Nos,Incision and Drainage,,,,,,,,,,,HMIS,,,,,,,,,,,,
,4253,Services,Nos,"Splinting, Minor Oral Surgery",,,,,,,,,,,HMIS,,,,,,,,,,,,
,4269,Services,Nos,Habit Breaker,,,,,,,,,,,HMIS,,,,,,,,,,,,
,4264,Services,Nos,Additional Tooth on Denture,,,,,,,,,,,HMIS,,,,,,,,,,,,
,4261,Services,Nos,Complete Denture,,,,,,,,,,,HMIS,,,,,,,,,,,,
,4270,Services,Nos,Mouth Guard,,,,,,,,,,,HMIS,,,,,,,,,,,,
,4260,Services,Nos,Impression taking for study cast,,,,,,,,,,,HMIS,,,,,,,,,,,,
,4268,Services,Nos,"Dental, Crown Fabrication ",,,,,,,,,,,HMIS,,,,,,,,,,,,
,4258,Services,Nos,"Dental, Dry Socket Management ",,,,,,,,,,,HMIS,,,,,,,,,,,,
,4266,Services,Nos,"Dental, Denture Repair ",,,,,,,,,,,HMIS,,,,,,,,,,,,
,4244,Services,Nos,"Dental, Amalgam Filling ",,,,,,,,,,,HMIS,,,,,,,,,,,,
,4251,Services,Nos,"Dental, Post and core buildup ",,,,,,,,,,,HMIS,,,,,,,,,,,,
,4259,Services,Nos,"Dental, Whitening ",,,,,,,,,,,HMIS,,,,,,,,,,,,
,4241,Services,Nos,"Dental, Scaling and polishing ",,,,,,,,,,,HMIS,,,,,,,,,,,,
,4262,Services,Nos,"Dental, Acrylic Partial Denture ",,,,,,,,,,,HMIS,,,,,,,,,,,,
,4238,Services,Nos,"Dental, Difficult Extraction ",,,,,,,,,,,HMIS,,,,,,,,,,,,
,4256,Services,Nos,"Dental, Major Dressing ",,,,,,,,,,,HMIS,,,,,,,,,,,,
,4245,Services,Nos,"Dental, Composite filling ",,,,,,,,,,,HMIS,,,,,,,,,,,,
,4257,Services,Nos,"Dental, Maxillomandibular fixation ",,,,,,,,,,,HMIS,,,,,,,,,,,,
,3851,Services,Nos,Blood Sugar Test ,,,,,,,,,,,HMIS,,,,,,,,,,,,
,3852,Services,Nos,"Blood Group Test, ANC ",,,,,,,,,,,HMIS,,,,,,,,,,,,
,3853,Services,Nos,"Rhesus Test, AC ",,,,,,,,,,,HMIS,,,,,,,,,,,,
,3854,Services,Nos,"Serelogy, ANC ",,,,,,,,,,,HMIS,,,,,,,,,,,,
,3855,Services,Nos,"Hb Test, ANC ",,,,,,,,,,,HMIS,,,,,,,,,,,,
,3856,Services,Nos,"HBsAg Test, ANC ",,,,,,,,,,,HMIS,,,,,,,,,,,,
,3857,Services,Nos,Bs for MPs Test ,,,,,,,,,,,HMIS,,,,,,,,,,,,
,4147,Services,Nos,Above Knee prosthesis ,,,,,,,,,,,HMIS,,,,,,,,,,,,
,4148,Services,Nos,Below Knee prosthesis ,,,,,,,,,,,HMIS,,,,,,,,,,,,
,4170,Services,Nos,Swiss lock KAFO ,,,,,,,,,,,HMIS,,,,,,,,,,,,
,4171,Services,Nos,Joint less KAFO ,,,,,,,,,,,HMIS,,,,,,,,,,,,
,4173,Services,Nos,Polypropylene AFO ,,,,,,,,,,,HMIS,,,,,,,,,,,,
,4174,Services,Nos,Shoe Raise ,,,,,,,,,,,HMIS,,,,,,,,,,,,
,4175,Services,Nos,Adult Arch support ,,,,,,,,,,,HMIS,,,,,,,,,,,,
,4176,Services,Nos,Children Arch support ,,,,,,,,,,,HMIS,,,,,,,,,,,,
,4177,Services,Nos,Imported silcon heel cushions ,,,,,,,,,,,HMIS,,,,,,,,,,,,
,4178,Services,Nos,Local leather heel cushions ,,,,,,,,,,,HMIS,,,,,,,,,,,,
,4179,Services,Nos,Mermaid Night splints ,,,,,,,,,,,HMIS,,,,,,,,,,,,
,4180,Services,Nos,Shoe wedge ,,,,,,,,,,,HMIS,,,,,,,,,,,,
,4181,Services,Nos,Local Timber crutches ,,,,,,,,,,,HMIS,,,,,,,,,,,,
,4182,Services,Nos,Imported Aluminum crutchers  ,,,,,,,,,,,HMIS,,,,,,,,,,,,
,4183,Services,Nos,Imported Elbow crutches ,,,,,,,,,,,HMIS,,,,,,,,,,,,
,4184,Services,Nos,Local  TLSO ,,,,,,,,,,,HMIS,,,,,,,,,,,,
,4185,Services,Nos,Polyprophene TLSO ,,,,,,,,,,,HMIS,,,,,,,,,,,,
,4186,Services,Nos,LSO  ,,,,,,,,,,,HMIS,,,,,,,,,,,,
,3833,Services,Nos,Dressing Procedure ,,,,,,,,,,,HMIS,,,,,,,,,,,,
,3834,Services,Nos,Injections Set ,,,,,,,,,,,HMIS,,,,,,,,,,,,
,3835,Services,Nos,Nebulization ,,,,,,,,,,,HMIS,,,,,,,,,,,,
,3836,Services,Nos,Stitches ,,,,,,,,,,,HMIS,,,,,,,,,,,,
,3838,Services,Nos,Incision and Drainage SSet ,,,,,,,,,,,HMIS,,,,,,,,,,,,
,3837,Services,Nos,Catheterization ,,,,,,,,,,,HMIS,,,,,,,,,,,,
,3839,Services,Nos,Resuscitation ,,,,,,,,,,,HMIS,,,,,,,,,,,,
,3840,Services,Nos,Ear Syringing ,,,,,,,,,,,HMIS,,,,,,,,,,,,
,3841,Services,Nos,Foreign Body Removal Set ,,,,,,,,,,,HMIS,,,,,,,,,,,,
,3842,Services,Nos,Shaving ,,,,,,,,,,,HMIS,,,,,,,,,,,,
,3843,Services,Nos,Nasal Set ,,,,,,,,,,,HMIS,,,,,,,,,,,,
,3844,Services,Nos,Cannulation ,,,,,,,,,,,HMIS,,,,,,,,,,,,
,3845,Services,Nos,Suctioning ,,,,,,,,,,,HMIS,,,,,,,,,,,,
,3846,Services,Nos,First Aid ,,,,,,,,,,,HMIS,,,,,,,,,,,,
,3848,Services,Nos,Oral Rehydration ,,,,,,,,,,,HMIS,,,,,,,,,,,,
,3849,Services,Nos,Feeding Nursing ,,,,,,,,,,,HMIS,,,,,,,,,,,,
,3847,Services,Nos,Cryotherapy ,,,,,,,,,,,HMIS,,,,,,,,,,,,
,3806,Services,Nos,Major Dressing,,,,,,,,,,,HMIS,,,,,,,,,,,,
,3807,Services,Nos,Minor Dressing,,,,,,,,,,,HMIS,,,,,,,,,,,,
,3808,Services,Nos,Injections,,,,,,,,,,,HMIS,,,,,,,,,,,,
,3809,Services,Nos,Nebulization ,,,,,,,,,,,HMIS,,,,,,,,,,,,
,3810,Services,Nos,Major Stitching ,,,,,,,,,,,HMIS,,,,,,,,,,,,
,3811,Services,Nos,Minor Stitching ,,,,,,,,,,,HMIS,,,,,,,,,,,,
,3812,Services,Nos,Removal of Stiches ,,,,,,,,,,,HMIS,,,,,,,,,,,,
,3816,Services,Nos,Major Incision and Drainage ,,,,,,,,,,,HMIS,,,,,,,,,,,,
,3817,Services,Nos,Minor Incision and Drainange ,,,,,,,,,,,HMIS,,,,,,,,,,,,
,3818,Services,Nos,Detriment ,,,,,,,,,,,HMIS,,,,,,,,,,,,
,3813,Services,Nos,Catheterization ,,,,,,,,,,,HMIS,,,,,,,,,,,,
,3814,Services,Nos,Change of Catheter ,,,,,,,,,,,HMIS,,,,,,,,,,,,
,3815,Services,Nos,Removal of Catheter ,,,,,,,,,,,HMIS,,,,,,,,,,,,
,3819,Services,Nos,Resuscitation ,,,,,,,,,,,HMIS,,,,,,,,,,,,
,3820,Services,Nos,Ear Syringing ,,,,,,,,,,,HMIS,,,,,,,,,,,,
,3821,Services,Nos,Foreign Body Removal,,,,,,,,,,,HMIS,,,,,,,,,,,,
,3822,Services,Nos,Shaving ,,,,,,,,,,,HMIS,,,,,,,,,,,,
,3823,Services,Nos,Nasal Catheter Insert,,,,,,,,,,,HMIS,,,,,,,,,,,,
,3824,Services,Nos,Nasal Gastric Tube Insertion ,,,,,,,,,,,HMIS,,,,,,,,,,,,
,3825,Services,Nos,Nasal Prongs ,,,,,,,,,,,HMIS,,,,,,,,,,,,
,3826,Services,Nos,Removal of Either,,,,,,,,,,,HMIS,,,,,,,,,,,,
,3827,Services,Nos,Cannulation ,,,,,,,,,,,HMIS,,,,,,,,,,,,
,3828,Services,Nos,Suctioning ,,,,,,,,,,,HMIS,,,,,,,,,,,,
,3829,Services,Nos,First Aid ,,,,,,,,,,,HMIS,,,,,,,,,,,,
,3831,Services,Nos,Oral Rehydration ,,,,,,,,,,,HMIS,,,,,,,,,,,,
,3832,Services,Nos,Feeding ,,,,,,,,,,,HMIS,,,,,,,,,,,,
,3830,Services,Nos,Cryotherapy ,,,,,,,,,,,HMIS,,,,,,,,,,,,
