Data Import Template,,,,,,,,,,,,,,,,,,,,,,,,,,,,
Table:,Item,,,,,,,,,,,,,,,,,,,,,,,,,,,
,,,,,,,,,,,,,,,,,,,,,,,,,,,,
,,,,,,,,,,,,,,,,,,,,,,,,,,,,
Notes:,,,,,,,,,,,,,,,,,,,,,,,,,,,,
Please do not change the template headings.,,,,,,,,,,,,,,,,,,,,,,,,,,,,
First data column must be blank.,,,,,,,,,,,,,,,,,,,,,,,,,,,,
"If you are uploading new records, leave the ""name"" (ID) column blank.",,,,,,,,,,,,,,,,,,,,,,,,,,,,
"If you are uploading new records, ""Naming Series"" becomes mandatory, if present.",,,,,,,,,,,,,,,,,,,,,,,,,,,,
Only mandatory fields are necessary for new records. You can delete non-mandatory columns if you wish.,,,,,,,,,,,,,,,,,,,,,,,,,,,,
"For updating, you can update only selective columns.",,,,,,,,,,,,,,,,,,,,,,,,,,,,
You can only upload upto 5000 records in one go. (may be less in some cases),,,,,,,,,,,,,,,,,,,,,,,,,,,,
,,,,,,,,,,,,,,,,,,,,,,,,,,,,
DocType:,Item,,,,,~,~,Item Reorder,reorder_levels,,~,~,Item Variant Attribute,attributes,~,Item Default,item_defaults,~,~,Item Customer Detail,customer_items,~,Item Tax,taxes,~,Website Item Group,website_item_groups,~
Column Labels:,Item Code,Item Group,Default Unit of Measure,Item Name,Item Category,,,Request for,Re-order Level,Material Request Type,,,Attribute,,,Company,,,,Ref Code,,,Tax,,,Item Group,,
Column Name:,item_code,item_group,stock_uom,item_name,item_category,~,~,warehouse,warehouse_reorder_level,material_request_type,~,~,attribute,~,~,company,~,~,~,ref_code,~,~,tax_type,~,~,item_group,~,~
Mandatory:,Yes,Yes,Yes,No,No,,,Yes,Yes,Yes,,,Yes,,,Yes,,,,Yes,,,Yes,,,Yes,,
Type:,Data,Link,Link,Data,Data,,,Link,Float,Select,,,Link,,,Link,,,,Data,,,Link,,,Link,,
Info:,,Valid Item Group,Valid UOM,,,,,Valid Warehouse,,"One of: Purchase, Transfer, Material Issue, Manufacture",,,Valid Item Attribute,,,Valid Company,,,,,,,Valid Account,,,Valid Item Group,,
Start entering data below this line,,,,,,,,,,,,,,,,,,,,,,,,,,,,
,6A,Pharmaceuticals,Tablet,Amoxycillin/Clavulanic Acid ,Antibiotics,,,,,,,,,,,,,,,,,,,,,,,
,7A,Pharmaceuticals,Tablet,Amoxycillin Dispersible Scored Tablets,Antibiotics,,,,,,,,,,,,,,,,,,,,,,,
,8A,Pharmaceuticals,Tablet,Amoxycillin/Clavulante Dispersible Tablets ,Antibiotics,,,,,,,,,,,,,,,,,,,,,,,
,9A,Pharmaceuticals,Tablet,Amoxycillin Dispersible Scored Tabs ,Antibiotics,,,,,,,,,,,,,,,,,,,,,,,
,10A,Pharmaceuticals,Tablet,Amoxicillin/Clavulanic Acid Tablets 1Gm ,Antibiotics,,,,,,,,,,,,,,,,,,,,,,,
,11A,Pharmaceuticals,Capsule,Ampicillin/Cloxacillin ,Antibiotics,,,,,,,,,,,,,,,,,,,,,,,
,12A,Pharmaceuticals,Tablet,Artemether/Lumefantrine,Antibiotics,,,,,,,,,,,,,,,,,,,,,,,
,13A,Pharmaceuticals,Tablet,Artemether/Lumefantrine Dispersible Tablets,Antibiotics,,,,,,,,,,,,,,,,,,,,,,,
,14A,Pharmaceuticals,Tablet,Artemether + Lumefantrine ,Antibiotics,,,,,,,,,,,,,,,,,,,,,,,
,15A,Pharmaceuticals,Pack of 3,Azithromycin ,Antibiotics,,,,,,,,,,,,,,,,,,,,,,,
,16A,Pharmaceuticals,Pack of 6,Azithromycin ,Antibiotics,,,,,,,,,,,,,,,,,,,,,,,
,17A,Pharmaceuticals,Tablet,Cefuroxime ,Antibiotics,,,,,,,,,,,,,,,,,,,,,,,
,18A,Pharmaceuticals,Tablet,Cefuroxime ,Antibiotics,,,,,,,,,,,,,,,,,,,,,,,
,19A,Pharmaceuticals,Tablet,Cefixime ,Antibiotics,,,,,,,,,,,,,,,,,,,,,,,
,20A,Pharmaceuticals,Tablet,Cefixime ,Antibiotics,,,,,,,,,,,,,,,,,,,,,,,
,21A,Pharmaceuticals,Capsule,Cephalexin ,Antibiotics,,,,,,,,,,,,,,,,,,,,,,,
,22A,Pharmaceuticals,Capsule,Cephalexin ,Antibiotics,,,,,,,,,,,,,,,,,,,,,,,
,23A,Pharmaceuticals,Tablet,Ciprofloxacin ,Antibiotics,,,,,,,,,,,,,,,,,,,,,,,
,24A,Pharmaceuticals,Tablet,Ciprofloxacin ,Antibiotics,,,,,,,,,,,,,,,,,,,,,,,
,25A,Pharmaceuticals,Tablet,Clarithromycin ,Antibiotics,,,,,,,,,,,,,,,,,,,,,,,
,26A,Pharmaceuticals,Capsule,Clindamycin,Antibiotics,,,,,,,,,,,,,,,,,,,,,,,
,27A,Pharmaceuticals,Capsule,Clindamycin ,Antibiotics,,,,,,,,,,,,,,,,,,,,,,,
,28A,Pharmaceuticals,Capsule,Cloxacillin ,Antibiotics,,,,,,,,,,,,,,,,,,,,,,,
,29A,Pharmaceuticals,Tablet,Co-Trimoxazole,Antibiotics,,,,,,,,,,,,,,,,,,,,,,,
,30A,Pharmaceuticals,Tablet,Co-Trimoxazole Paediatric Tablets,Antibiotics,,,,,,,,,,,,,,,,,,,,,,,
,31A,Pharmaceuticals,Tablet,Co-Trimoxazole ,Antibiotics,,,,,,,,,,,,,,,,,,,,,,,
,32A,Pharmaceuticals,Tablet,Dihydroartemisinin/Piperaquine,Antibiotics,,,,,,,,,,,,,,,,,,,,,,,
,33A,Pharmaceuticals,Tablet,Dihydroartemisinin/Piperaquine ,Antibiotics,,,,,,,,,,,,,,,,,,,,,,,
,34A,Pharmaceuticals,Tablet,Diloxanide Furoate/Metronidazole ,Antibiotics,,,,,,,,,,,,,,,,,,,,,,,
,35A,Pharmaceuticals,Capsule,Doxycycline ,Antibiotics,,,,,,,,,,,,,,,,,,,,,,,
,36A,Pharmaceuticals,Tablet,Erythromycin ,Antibiotics,,,,,,,,,,,,,,,,,,,,,,,
,37A,Pharmaceuticals,Tablet,Erythromycin ,Antibiotics,,,,,,,,,,,,,,,,,,,,,,,
,38A,Pharmaceuticals,Tablet,Fluconazole ,Antibiotics,,,,,,,,,,,,,,,,,,,,,,,
,39A,Pharmaceuticals,Tablet,Fluconazole ,Antibiotics,,,,,,,,,,,,,,,,,,,,,,,
,40A,Pharmaceuticals,Capsule,Flucloxacilin ,Antibiotics,,,,,,,,,,,,,,,,,,,,,,,
,41A,Pharmaceuticals,Capsule,Flucloxacilin ,Antibiotics,,,,,,,,,,,,,,,,,,,,,,,
,42A,Pharmaceuticals,Tablet,Griseofulvin ,Antibiotics,,,,,,,,,,,,,,,,,,,,,,,
,43A,Pharmaceuticals,Tablet,Griseofulvin ,Antibiotics,,,,,,,,,,,,,,,,,,,,,,,
,44A,Pharmaceuticals,Tablet,Griseofulvin,Antibiotics,,,,,,,,,,,,,,,,,,,,,,,
,45A,Pharmaceuticals,Kit,Esomeprazole/Clarithromycin/Amoxycillin ,Antibiotics,,,,,,,,,,,,,,,,,,,,,,,
,46A,Pharmaceuticals,Tablet,Hydroxychloroquine ,Antibiotics,,,,,,,,,,,,,,,,,,,,,,,
,47A,Pharmaceuticals,Tablet,Levofloxacin ,Antibiotics,,,,,,,,,,,,,,,,,,,,,,,
,48A,Pharmaceuticals,Tablet,Mebendazole ,Antibiotics,,,,,,,,,,,,,,,,,,,,,,,
,49A,Pharmaceuticals,Tablet,Mebendazole ,Antibiotics,,,,,,,,,,,,,,,,,,,,,,,
,50A,Pharmaceuticals,Tablet,Metronidazole ,Antibiotics,,,,,,,,,,,,,,,,,,,,,,,
,51A,Pharmaceuticals,Tablet,Metronidazole ,Antibiotics,,,,,,,,,,,,,,,,,,,,,,,
,52A,Pharmaceuticals,Tablet,Nalidixic Acid ,Antibiotics,,,,,,,,,,,,,,,,,,,,,,,
,53A,Pharmaceuticals,Tablet,Nitrofurantoin ,Antibiotics,,,,,,,,,,,,,,,,,,,,,,,
,54A,Pharmaceuticals,Tablet,Norfloxacin ,Antibiotics,,,,,,,,,,,,,,,,,,,,,,,
,55A,Pharmaceuticals,Tablet,Penicillin V.,Antibiotics,,,,,,,,,,,,,,,,,,,,,,,
,56A,Pharmaceuticals,Tablet,Praziquantel ,Antibiotics,,,,,,,,,,,,,,,,,,,,,,,
,57A,Pharmaceuticals,Tablet,Amoxycillin Dispersible Tablets 250Mg ,Antibiotics,,,,,,,,,,,,,,,,,,,,,,,
,58A,Pharmaceuticals,Tablet,Quinine ,Antibiotics,,,,,,,,,,,,,,,,,,,,,,,
,59A,Pharmaceuticals,Tablet,Secnidazole Tablets ,Antibiotics,,,,,,,,,,,,,,,,,,,,,,,
,60A,Pharmaceuticals,Tablet,Secnidazole Tablets ,Antibiotics,,,,,,,,,,,,,,,,,,,,,,,
,61A,Pharmaceuticals,Tablet,Sulfadoxine/Pyrimethamine ,Antibiotics,,,,,,,,,,,,,,,,,,,,,,,
,62A,Pharmaceuticals,Tablet,Terbinafine ,Antibiotics,,,,,,,,,,,,,,,,,,,,,,,
,63A,Pharmaceuticals,Tablet,Tinidazole ,Antibiotics,,,,,,,,,,,,,,,,,,,,,,,
,64A,Pharmaceuticals,Bottle,Albendazole Suspension  20ml,Antibiotics,,,,,,,,,,,,,,,,,,,,,,,
,65A,Pharmaceuticals,Bottle,Albendazole Suspension 10Ml,Antibiotics,,,,,,,,,,,,,,,,,,,,,,,
,66A,Pharmaceuticals,Bottle,Aminosidine Syrup  60ml,Antibiotics,,,,,,,,,,,,,,,,,,,,,,,
,67A,Pharmaceuticals,Bottle,Amoxycillin Trihydrate Powder for Suspension  100ml ,Antibiotics,,,,,,,,,,,,,,,,,,,,,,,
,68A,Pharmaceuticals,Bottle,Amoxycillin/Clavulanic Acid Powder for Suspension 100ml,Antibiotics,,,,,,,,,,,,,,,,,,,,,,,
,69A,Pharmaceuticals,Bottle,Amoxycillin/Clavulanic Acid Powder for Suspension 70ml ,Antibiotics,,,,,,,,,,,,,,,,,,,,,,,
,70A,Pharmaceuticals,Bottle,Amoxycillin Dry Powder for Suspension  100ml ,Antibiotics,,,,,,,,,,,,,,,,,,,,,,,
,71A,Pharmaceuticals,Bottle,Amoxycillin/Clavulanic Acid Powder for Suspension  70ml ,Antibiotics,,,,,,,,,,,,,,,,,,,,,,,
,72A,Pharmaceuticals,Bottle,Ampicillin/Cloxacillin  Drops 8ml,Antibiotics,,,,,,,,,,,,,,,,,,,,,,,
,73A,Pharmaceuticals,Bottle,Azithromycin Powder for Suspension  15ml ,Antibiotics,,,,,,,,,,,,,,,,,,,,,,,
,74A,Pharmaceuticals,Bottle,Cefadroxil  Suspension 100Ml,Antibiotics,,,,,,,,,,,,,,,,,,,,,,,
,75A,Pharmaceuticals,Bottle,Cefadroxil  Suspension 100Ml,Antibiotics,,,,,,,,,,,,,,,,,,,,,,,
,76A,Pharmaceuticals,Bottle,Cefuroxime Powder for Suspension  70ml,Antibiotics,,,,,,,,,,,,,,,,,,,,,,,
,77A,Pharmaceuticals,Bottle,Cefuroxime Powder for Suspension 50ml,Antibiotics,,,,,,,,,,,,,,,,,,,,,,,
,78A,Pharmaceuticals,Bottle,Cefixime Powder for Suspension  50ml,Antibiotics,,,,,,,,,,,,,,,,,,,,,,,
,79A,Pharmaceuticals,Bottle,Cephalexin Powder for Suspension  100ml,Antibiotics,,,,,,,,,,,,,,,,,,,,,,,
,80A,Pharmaceuticals,Bottle,Chloramphenicol Powder for Suspension 100ml ,Antibiotics,,,,,,,,,,,,,,,,,,,,,,,
,81A,Pharmaceuticals,Bottle,Clarithromycin Powder for Suspension  70ml ,Antibiotics,,,,,,,,,,,,,,,,,,,,,,,
,82A,Pharmaceuticals,Bottle,Cloxacillin Powder for Suspension  100ml ,Antibiotics,,,,,,,,,,,,,,,,,,,,,,,
,83A,Pharmaceuticals,Bottle,Co-Trimoxazole Suspension  50ml,Antibiotics,,,,,,,,,,,,,,,,,,,,,,,
,84A,Pharmaceuticals,Tablet,Co-Trimoxazole Suspension 100ml ,Antibiotics,,,,,,,,,,,,,,,,,,,,,,,
,85A,Pharmaceuticals,Bottle,Dihydroartemesinin/Piperaquin Suspension 80Ml,Antibiotics,,,,,,,,,,,,,,,,,,,,,,,
,86A,Pharmaceuticals,Bottle,Erythromycin Dry Powder for Suspension  100ml ,Antibiotics,,,,,,,,,,,,,,,,,,,,,,,
,87A,Pharmaceuticals,Bottle,Flucloxacillin Dry Powder for Suspension100ml ,Antibiotics,,,,,,,,,,,,,,,,,,,,,,,
,88A,Pharmaceuticals,Bottle,Fluconazole Dry Powder for Suspension 35ml ,Antibiotics,,,,,,,,,,,,,,,,,,,,,,,
,89A,Pharmaceuticals,Bottle,Mebendazole Syrup ,Antibiotics,,,,,,,,,,,,,,,,,,,,,,,
,90A,Pharmaceuticals,Bottle,Metronidazole Suspension   100ml,Antibiotics,,,,,,,,,,,,,,,,,,,,,,,
,91A,Pharmaceuticals,Bottle,Metronidazole / Diloxanide Furoate Suspension 100ml ,Antibiotics,,,,,,,,,,,,,,,,,,,,,,,
,92A,Pharmaceuticals,Bottle,Metronidazole Suspension 100 ml,Antibiotics,,,,,,,,,,,,,,,,,,,,,,,
,93A,Pharmaceuticals,Bottle,Phenoxymethylpenicillin-Penicillin V. Powder For Suspension  100ml,Antibiotics,,,,,,,,,,,,,,,,,,,,,,,
,94A,Pharmaceuticals,Amp,Amikacin Injection 2ml Ampoule,Antibiotics,,,,,,,,,,,,,,,,,,,,,,,
,95A,Pharmaceuticals,Amp,Aminophylin Injection 10ml Ampoule ,Antibiotics,,,,,,,,,,,,,,,,,,,,,,,
,96A,Pharmaceuticals,Vial,Amoxycillin/Clavulanic Acid Injection ,Antibiotics,,,,,,,,,,,,,,,,,,,,,,,
,97A,Pharmaceuticals,Amp,Ampicillin Injection,Antibiotics,,,,,,,,,,,,,,,,,,,,,,,
,98A,Pharmaceuticals,Vial,Amphotericin B I.V. Injection,Antibiotics,,,,,,,,,,,,,,,,,,,,,,,
,99A,Pharmaceuticals,Amp,Artemether Injection 1ml ,Antibiotics,,,,,,,,,,,,,,,,,,,,,,,
,100A,Pharmaceuticals,Vial,Artesunate Iv Injection ,Antibiotics,,,,,,,,,,,,,,,,,,,,,,,
,101A,Pharmaceuticals,Amp,Artemether Injection  1ml ,Antibiotics,,,,,,,,,,,,,,,,,,,,,,,
,102A,Pharmaceuticals,Amp,Artemether Injection 1ml ,Antibiotics,,,,,,,,,,,,,,,,,,,,,,,
,103A,Pharmaceuticals,Amp,Atracurium Besilate Injection 5ml ,Antibiotics,,,,,,,,,,,,,,,,,,,,,,,
,104A,Pharmaceuticals,Vial,Azithromycin Injection 10ml,Antibiotics,,,,,,,,,,,,,,,,,,,,,,,
,105A,Pharmaceuticals,Vial,Bleomycin Injection,Antibiotics,,,,,,,,,,,,,,,,,,,,,,,
,106A,Pharmaceuticals,Vial,Ceftriaxone Injection  ,Antibiotics,,,,,,,,,,,,,,,,,,,,,,,
,107A,Pharmaceuticals,Vial,Ceftriaxone Injection IV/IM ,Antibiotics,,,,,,,,,,,,,,,,,,,,,,,
,108A,Pharmaceuticals,Vial,Ceftriaxone Injection IV/IM,Antibiotics,,,,,,,,,,,,,,,,,,,,,,,
,109A,Pharmaceuticals,Vial,Cefuroxime Injection,Antibiotics,,,,,,,,,,,,,,,,,,,,,,,
,110A,Pharmaceuticals,Vial,Ceftazidime Injection,Antibiotics,,,,,,,,,,,,,,,,,,,,,,,
,111A,Pharmaceuticals,Vial,Ceftriaxone Injection IV,Antibiotics,,,,,,,,,,,,,,,,,,,,,,,
,112A,Pharmaceuticals,Vial,Ceftazidime Injection,Antibiotics,,,,,,,,,,,,,,,,,,,,,,,
,113A,Pharmaceuticals,Vial,Chloramphenicol Injection,Antibiotics,,,,,,,,,,,,,,,,,,,,,,,
,114A,Pharmaceuticals,Amp,Clindamycin Phosphate Inj 2ml,Antibiotics,,,,,,,,,,,,,,,,,,,,,,,
,115A,Pharmaceuticals,Bottle,Fluconazole Injection 100ml ,Antibiotics,,,,,,,,,,,,,,,,,,,,,,,
,116A,Pharmaceuticals,Vial,Flucloxacillin Injection ,Antibiotics,,,,,,,,,,,,,,,,,,,,,,,
,117A,Pharmaceuticals,Amp,Gentamycin Sulphate Injection 2ml ,Antibiotics,,,,,,,,,,,,,,,,,,,,,,,
,118A,Pharmaceuticals,Amp,Gentamycin Sulphate Injection 2ml ,Antibiotics,,,,,,,,,,,,,,,,,,,,,,,
,119A,Pharmaceuticals,Amp,Gentamycin Sulphate Injection 2Ml,Antibiotics,,,,,,,,,,,,,,,,,,,,,,,
,120A,Pharmaceuticals,Bottle,Levofloxacin Injection 100ml ,Antibiotics,,,,,,,,,,,,,,,,,,,,,,,
,121A,Pharmaceuticals,Vial,Meropenem Injection ,Antibiotics,,,,,,,,,,,,,,,,,,,,,,,
,122A,Pharmaceuticals,Bottle,Metronidazole Injection 100ml ,Antibiotics,,,,,,,,,,,,,,,,,,,,,,,
,123A,Pharmaceuticals,Vial,Benzathine Penicillin Injection,Antibiotics,,,,,,,,,,,,,,,,,,,,,,,
,124A,Pharmaceuticals,Vial,Benzyl Penicillin Injection,Antibiotics,,,,,,,,,,,,,,,,,,,,,,,
,125A,Pharmaceuticals,Vial,Benzyl Penicillin Injection,Antibiotics,,,,,,,,,,,,,,,,,,,,,,,
,126A,Pharmaceuticals,Vial,Penicillin Procaine Fortified  Injection ,Antibiotics,,,,,,,,,,,,,,,,,,,,,,,
,127A,Pharmaceuticals,Vial,Benzathine Procaine Penicillin Triple Injection 6:3:3,Antibiotics,,,,,,,,,,,,,,,,,,,,,,,
,128A,Pharmaceuticals,Amp,Quinine Injection 2ml ,Antibiotics,,,,,,,,,,,,,,,,,,,,,,,
,129A,Pharmaceuticals,Bottle,Amoxycillin/Clavulanic Acid Powder For Suspension 70ml,Antibiotics,,,,,,,,,,,,,,,,,,,,,,,
,130A,Pharmaceuticals,Tablet,Amoxycillin  250mg,Antibiotics,,,,,,,,,,,,,,,,,,,,,,,
,131A,Pharmaceuticals,Bottle,Amoxycillin-Clavulanate  Susp  70ml ,Antibiotics,,,,,,,,,,,,,,,,,,,,,,,
,132A,Pharmaceuticals,Capsule,Amoxycillin+Flucloxacillin  500mg ,Antibiotics,,,,,,,,,,,,,,,,,,,,,,,
,133A,Pharmaceuticals,Bottle,Amoxycillin+Flucloxacillin  Susp 5ml,Antibiotics,,,,,,,,,,,,,,,,,,,,,,,
,134A,Pharmaceuticals,Bottle,Artemether /Lumefantrine Syrup 60ml,Antibiotics,,,,,,,,,,,,,,,,,,,,,,,
,135A,Pharmaceuticals,Tablet,Artemether + Lumefantrine ,Antibiotics,,,,,,,,,,,,,,,,,,,,,,,
,136A,Pharmaceuticals,Tablet,Amoxycillin +Clavulanic acid   ,Antibiotics,,,,,,,,,,,,,,,,,,,,,,,
,137A,Pharmaceuticals,Capsule,Cefixime  Caps 200mg,Antibiotics,,,,,,,,,,,,,,,,,,,,,,,
,138A,Pharmaceuticals,Bottle,Cefadroxil  Susp 60ml,Antibiotics,,,,,,,,,,,,,,,,,,,,,,,
,139A,Pharmaceuticals,Tablet,Ketoconazole Tabs ,Antibiotics,,,,,,,,,,,,,,,,,,,,,,,
,140A,Pharmaceuticals,Bottle,Metronidazole Syrup  60ml,Antibiotics,,,,,,,,,,,,,,,,,,,,,,,
,141A,Pharmaceuticals,Tablet,Nystatin Pessaries ,Antibiotics,,,,,,,,,,,,,,,,,,,,,,,
,142A,Pharmaceuticals,Vial,Ceftriaxone Injection 1.5gm,Antibiotics,,,,,,,,,,,,,,,,,,,,,,,
,143A,Pharmaceuticals,Tablet,Cefixime 400mg ,Antibiotics,,,,,,,,,,,,,,,,,,,,,,,
,144A,Pharmaceuticals,Vial,Ceftriaxone Injectin 1gm ,Antibiotics,,,,,,,,,,,,,,,,,,,,,,,
,145A,Pharmaceuticals,Tube,Gentamycin/Clotrimazole/Betamethasone Valerate Cream  20gm,Antibiotics,,,,,,,,,,,,,,,,,,,,,,,
,146C,Pharmaceuticals,Tablet,Magnesium Trisilicate/Aluminium Hydroxide Tablets ,Common Drugs,,,,,,,,,,,,,,,,,,,,,,,
,147C,Pharmaceuticals,Tablet,Aluminium Hydroxide 400Mg/Magnesium Hydroxide 400Mg /Simethicone 20Mg Tablets ,Common Drugs,,,,,,,,,,,,,,,,,,,,,,,
,148C,Pharmaceuticals,Tablet,Aspirin,Common Drugs,,,,,,,,,,,,,,,,,,,,,,,
,149C,Pharmaceuticals,Tablet,Aspirin  ,Common Drugs,,,,,,,,,,,,,,,,,,,,,,,
,150C,Pharmaceuticals,Tablet,Celecoxib ,Common Drugs,,,,,,,,,,,,,,,,,,,,,,,
,151C,Pharmaceuticals,Capsule,Celecoxib ,Common Drugs,,,,,,,,,,,,,,,,,,,,,,,
,152C,Pharmaceuticals,Tablet,Cetirizine Hydrochloride ,Common Drugs,,,,,,,,,,,,,,,,,,,,,,,
,153C,Pharmaceuticals,PFOL ,Charcoal ,Common Drugs,,,,,,,,,,,,,,,,,,,,,,,
,154C,Pharmaceuticals,Tablet,Chlorpheniramine ,Common Drugs,,,,,,,,,,,,,,,,,,,,,,,
,155C,Pharmaceuticals,Tablet,Desloratidine ,Common Drugs,,,,,,,,,,,,,,,,,,,,,,,
,156C,Pharmaceuticals,Tablet,Diclofenac/Paracetamol/ Chlorzoxanone ,Common Drugs,,,,,,,,,,,,,,,,,,,,,,,
,157C,Pharmaceuticals,Tablet,Doxylamine Succinate/Pyridoxine ,Common Drugs,,,,,,,,,,,,,,,,,,,,,,,
,158C,Pharmaceuticals,Tablet,Ebastine ,Common Drugs,,,,,,,,,,,,,,,,,,,,,,,
,159C,Pharmaceuticals,Tablet,Etoricoxib  ,Common Drugs,,,,,,,,,,,,,,,,,,,,,,,
,160C,Pharmaceuticals,Tablet,Etoricoxib ,Common Drugs,,,,,,,,,,,,,,,,,,,,,,,
,161C,Pharmaceuticals,Tablet,Hyoscine Butylbromide ,Common Drugs,,,,,,,,,,,,,,,,,,,,,,,
,162C,Pharmaceuticals,Tablet,Hyoscine Butyl Bromide+ Paracetamol ,Common Drugs,,,,,,,,,,,,,,,,,,,,,,,
,163C,Pharmaceuticals,Tablet,Ibuprofen ,Common Drugs,,,,,,,,,,,,,,,,,,,,,,,
,164C,Pharmaceuticals,Tablet,Ibuprofen,Common Drugs,,,,,,,,,,,,,,,,,,,,,,,
,165C,Pharmaceuticals,Tablet,Ibuprofen/Paracetamol,Common Drugs,,,,,,,,,,,,,,,,,,,,,,,
,166C,Pharmaceuticals,Capsule,Indomethacin ,Common Drugs,,,,,,,,,,,,,,,,,,,,,,,
,167C,Pharmaceuticals,Capsule,Loperamide ,Common Drugs,,,,,,,,,,,,,,,,,,,,,,,
,168C,Pharmaceuticals,Tablet,Meclizine / Caffeine ,Common Drugs,,,,,,,,,,,,,,,,,,,,,,,
,169C,Pharmaceuticals,Capsule,Mefenamic Acid ,Common Drugs,,,,,,,,,,,,,,,,,,,,,,,
,170C,Pharmaceuticals,Tablet,Mefenamic Acid ,Common Drugs,,,,,,,,,,,,,,,,,,,,,,,
,171C,Pharmaceuticals,Tablet,Meloxicam ,Common Drugs,,,,,,,,,,,,,,,,,,,,,,,
,172C,Pharmaceuticals,Tablet,Meloxicam ,Common Drugs,,,,,,,,,,,,,,,,,,,,,,,
,173C,Pharmaceuticals,Tablet,Metoclopramide,Common Drugs,,,,,,,,,,,,,,,,,,,,,,,
,174C,Pharmaceuticals,Tablet,Morphine,Common Drugs,,,,,,,,,,,,,,,,,,,,,,,
,175C,Pharmaceuticals,Tablet,Morphine ,Common Drugs,,,,,,,,,,,,,,,,,,,,,,,
,176C,Pharmaceuticals,Capsule,Morphine ,Common Drugs,,,,,,,,,,,,,,,,,,,,,,,
,177C,Pharmaceuticals,Tablet,Paracetamol ,Common Drugs,,,,,,,,,,,,,,,,,,,,,,,
,178C,Pharmaceuticals,Tablet,Paracetamol Junior ,Common Drugs,,,,,,,,,,,,,,,,,,,,,,,
,179C,Pharmaceuticals,Tablet,Prednisolone,Common Drugs,,,,,,,,,,,,,,,,,,,,,,,
,180C,Pharmaceuticals,Tablet,Promethazine ,Common Drugs,,,,,,,,,,,,,,,,,,,,,,,
,181C,Pharmaceuticals,Capsule,Tramadol,Common Drugs,,,,,,,,,,,,,,,,,,,,,,,
,182C,Pharmaceuticals,Litre,Antacid Mixture,Common Drugs,,,,,,,,,,,,,,,,,,,,,,,
,183C,Pharmaceuticals,Tablet,Aluminium Hydroxide Magnesium Hydroxide Simethicone Gel 180ml,Common Drugs,,,,,,,,,,,,,,,,,,,,,,,
,184C,Pharmaceuticals,Bottle,Antacid/Antiflatulant Suspension 200ml,Common Drugs,,,,,,,,,,,,,,,,,,,,,,,
,185C,Pharmaceuticals,Bottle,Cetirizine Hydrochloride Syrup  60ml,Common Drugs,,,,,,,,,,,,,,,,,,,,,,,
,186C,Pharmaceuticals,Bottle,Cetirizine Hydrochloride Syrup 30ml ,Common Drugs,,,,,,,,,,,,,,,,,,,,,,,
,187C,Pharmaceuticals,Bottle,Chlorpheniramine Syrup ,Common Drugs,,,,,,,,,,,,,,,,,,,,,,,
,188C,Pharmaceuticals,Bottle,Chlorpheniramine Syrup  60ml ,Common Drugs,,,,,,,,,,,,,,,,,,,,,,,
,189C,Pharmaceuticals,Bottle,Desloratidine Syrup 50ml ,Common Drugs,,,,,,,,,,,,,,,,,,,,,,,
,190C,Pharmaceuticals,Bottle,Diclofenac Potassium Drops 15ml,Common Drugs,,,,,,,,,,,,,,,,,,,,,,,
,191C,Pharmaceuticals,Bottle,Disodium Hydrogen Citrate Syrup 100ml,Common Drugs,,,,,,,,,,,,,,,,,,,,,,,
,192C,Pharmaceuticals,Bottle,Domperidone Suspension  100ml,Common Drugs,,,,,,,,,,,,,,,,,,,,,,,
,193C,Pharmaceuticals,Bottle,Hyoscine Butylbromide Syrup  60ml,Common Drugs,,,,,,,,,,,,,,,,,,,,,,,
,194C,Pharmaceuticals,Bottle,Ibuprofen Suspension 100ml ,Common Drugs,,,,,,,,,,,,,,,,,,,,,,,
,195C,Pharmaceuticals,Bottle,Ibuprofen/Paracetamol Suspension 100ml,Common Drugs,,,,,,,,,,,,,,,,,,,,,,,
,196C,Pharmaceuticals,Sachet,Oral Rehydration Salts  for 500ml ,Common Drugs,,,,,,,,,,,,,,,,,,,,,,,
,197C,Pharmaceuticals,Pack,Oral Rehydration Salt + Zinc Tablets ,Common Drugs,,,,,,,,,,,,,,,,,,,,,,,
,198C,Pharmaceuticals,Bottle,Paracetamol Suspension ,Common Drugs,,,,,,,,,,,,,,,,,,,,,,,
,199C,Pharmaceuticals,Bottle,Prednisolone Syrup 50ml ,Common Drugs,,,,,,,,,,,,,,,,,,,,,,,
,200C,Pharmaceuticals,Bottle,Promethazine Syrup 60ml,Common Drugs,,,,,,,,,,,,,,,,,,,,,,,
,201C,Pharmaceuticals,Amp,Betamethasone Sodium Phosphate /Betamethasone Dipropionate/Injection 2ml ,Common Drugs,,,,,,,,,,,,,,,,,,,,,,,
,202C,Pharmaceuticals,Amp,Chlorpheniramine Maleate Injection 1ml ,Common Drugs,,,,,,,,,,,,,,,,,,,,,,,
,203C,Pharmaceuticals,Amp,Dexamethasone Sodium Phosphate Injection 1ml,Common Drugs,,,,,,,,,,,,,,,,,,,,,,,
,204C,Pharmaceuticals,Amp,Diclofenac Injection 1ml,Common Drugs,,,,,,,,,,,,,,,,,,,,,,,
,205C,Pharmaceuticals,Amp,Hyoscine Butylbromide Injection 1ml ,Common Drugs,,,,,,,,,,,,,,,,,,,,,,,
,206C,Pharmaceuticals,Amp,Metoclopramide Injection  2ml ,Common Drugs,,,,,,,,,,,,,,,,,,,,,,,
,207C,Pharmaceuticals,Amp,Ondansetron HCL Injection  4ml ,Common Drugs,,,,,,,,,,,,,,,,,,,,,,,
,208C,Pharmaceuticals,Amp,Oxytocin Inj  ,Common Drugs,,,,,,,,,,,,,,,,,,,,,,,
,209C,Pharmaceuticals,Vial,Paracetamol Injection 100ml ,Common Drugs,,,,,,,,,,,,,,,,,,,,,,,
,210C,Pharmaceuticals,Vial,Paracetamol Injection  2ml ,Common Drugs,,,,,,,,,,,,,,,,,,,,,,,
,211C,Pharmaceuticals,Amp,Promethazine Injection  2ml ,Common Drugs,,,,,,,,,,,,,,,,,,,,,,,
,212C,Pharmaceuticals,Amp,Tramadol Injection  2ml ,Common Drugs,,,,,,,,,,,,,,,,,,,,,,,
,213C,Pharmaceuticals,Tablet,Aceclofenac + Paracetamol+Chlorzoxazone  500mg ,Common Drugs,,,,,,,,,,,,,,,,,,,,,,,
,214C,Pharmaceuticals,Tablet,Aceclofenac + Paracetamol+Chlorzoxazone  375mg ,Common Drugs,,,,,,,,,,,,,,,,,,,,,,,
,215C,Pharmaceuticals,Tablet,Aceclofenac + Paracetamol  Tablets 100/500mg ,Common Drugs,,,,,,,,,,,,,,,,,,,,,,,
,216C,Pharmaceuticals,Bottle,Ambroxal Syrup ,Common Drugs,,,,,,,,,,,,,,,,,,,,,,,
,217C,Pharmaceuticals,Tin,Antihistamine Cream 15gm,Common Drugs,,,,,,,,,,,,,,,,,,,,,,,
,218C,Pharmaceuticals,Tablet,Throat Lozenges ,Common Drugs,,,,,,,,,,,,,,,,,,,,,,,
,219C,Pharmaceuticals,Bottle,Antacid  Suspension 200ml ,Common Drugs,,,,,,,,,,,,,,,,,,,,,,,
,220C,Pharmaceuticals,Vial,Acetyl Salicylic Acid  Injection 0.5gm  ,Common Drugs,,,,,,,,,,,,,,,,,,,,,,,
,221C,Pharmaceuticals,Capsule,Cold and Flu reliever  Capsules 500/Pck,Common Drugs,,,,,,,,,,,,,,,,,,,,,,,
,222C,Pharmaceuticals,Bottle,Cough Expectorant 100ml,Common Drugs,,,,,,,,,,,,,,,,,,,,,,,
,223C,Pharmaceuticals,Bottle,Cough Suppressant 100 Ml,Common Drugs,,,,,,,,,,,,,,,,,,,,,,,
,224C,Pharmaceuticals,Bottle,Cough Syrup  100 Ml,Common Drugs,,,,,,,,,,,,,,,,,,,,,,,
,225C,Pharmaceuticals,Bottle,Dicyclomine/Paracetamol 30ml,Common Drugs,,,,,,,,,,,,,,,,,,,,,,,
,226C,Pharmaceuticals,Tube,Deep Heat Ointment 15gm,Common Drugs,,,,,,,,,,,,,,,,,,,,,,,
,227C,Pharmaceuticals,Bottle,Deep Heat Spray 150ml,Common Drugs,,,,,,,,,,,,,,,,,,,,,,,
,228C,Pharmaceuticals,Tube,Deep Heat Ointment 35gm,Common Drugs,,,,,,,,,,,,,,,,,,,,,,,
,229C,Pharmaceuticals,Bottle,Ephedrine Nasal Drops,Common Drugs,,,,,,,,,,,,,,,,,,,,,,,
,230C,Pharmaceuticals,Bottle,Ephedrine Nasal Drops ,Common Drugs,,,,,,,,,,,,,,,,,,,,,,,
,231C,Pharmaceuticals,Sachet,Floranorm Sachets,Common Drugs,,,,,,,,,,,,,,,,,,,,,,,
,232C,Pharmaceuticals,Tablet,Loratidine 10mg ,Common Drugs,,,,,,,,,,,,,,,,,,,,,,,
,233C,Pharmaceuticals,Tablet,Myospaz,Common Drugs,,,,,,,,,,,,,,,,,,,,,,,
,234C,Pharmaceuticals,Bottle,Neopeptine Rb Drops 15ml,Common Drugs,,,,,,,,,,,,,,,,,,,,,,,
,235C,Pharmaceuticals,Capsule,Neopeptine Capsules ,Common Drugs,,,,,,,,,,,,,,,,,,,,,,,
,236C,Pharmaceuticals,Bottle, Appetite Stimulant Elixir 150ml,Common Drugs,,,,,,,,,,,,,,,,,,,,,,,
,237C,Pharmaceuticals,Bottle,Paracetamol Syrup 100ml,Common Drugs,,,,,,,,,,,,,,,,,,,,,,,
,238C,Pharmaceuticals,Tablet,Paracetamol SR Tablets 1g,Common Drugs,,,,,,,,,,,,,,,,,,,,,,,
,239C,Pharmaceuticals,Bottle,Appetite Stimulant Syrup 100ml,Common Drugs,,,,,,,,,,,,,,,,,,,,,,,
,241S,Pharmaceuticals,Bottle,Acetazolamide,Speacial Drugs,,,,,,,,,,,,,,,,,,,,,,,
,242S,Pharmaceuticals,Tablet,Acyclovir,Speacial Drugs,,,,,,,,,,,,,,,,,,,,,,,
,243C,Pharmaceuticals,Tablet,Acyclovir ,Speacial Drugs,,,,,,,,,,,,,,,,,,,,,,,
,244S,Pharmaceuticals,Tablet,Amitriptyline Hydrochloride ,Speacial Drugs,,,,,,,,,,,,,,,,,,,,,,,
,245S,Pharmaceuticals,Tablet,Amlodipine Besylate ,Speacial Drugs,,,,,,,,,,,,,,,,,,,,,,,
,246S,Pharmaceuticals,Tablet,Amlodipine/Valsartan ,Speacial Drugs,,,,,,,,,,,,,,,,,,,,,,,
,247S,Pharmaceuticals,Tablet,Amlodipine Besylate ,Speacial Drugs,,,,,,,,,,,,,,,,,,,,,,,
,248S,Pharmaceuticals,Tablet,Atenolol ,Speacial Drugs,,,,,,,,,,,,,,,,,,,,,,,
,249S,Pharmaceuticals,Tablet,Atorvastatin ,Speacial Drugs,,,,,,,,,,,,,,,,,,,,,,,
,250S,Pharmaceuticals,Tablet,Atorvastatin ,Speacial Drugs,,,,,,,,,,,,,,,,,,,,,,,
,251S,Pharmaceuticals,Tablet,Benzhexol Hydrochloride ,Speacial Drugs,,,,,,,,,,,,,,,,,,,,,,,
,252S,Pharmaceuticals,Tablet,Bromocriptine ,Speacial Drugs,,,,,,,,,,,,,,,,,,,,,,,
,253S,Pharmaceuticals,Tablet,Bromazepam  Scored  Tablets ,Speacial Drugs,,,,,,,,,,,,,,,,,,,,,,,
,254S,Pharmaceuticals,Tablet,Carbamazepine ,Speacial Drugs,,,,,,,,,,,,,,,,,,,,,,,
,255S,Pharmaceuticals,Tablet,Carvedilol ,Speacial Drugs,,,,,,,,,,,,,,,,,,,,,,,
,256S,Pharmaceuticals,Tablet,Carbimazole Scored Tablets,Speacial Drugs,,,,,,,,,,,,,,,,,,,,,,,
,257S,Pharmaceuticals,Tablet,Carvedilol ,Speacial Drugs,,,,,,,,,,,,,,,,,,,,,,,
,258S,Pharmaceuticals,Tablet,Carvedilol ,Speacial Drugs,,,,,,,,,,,,,,,,,,,,,,,
,259S,Pharmaceuticals,Tablet,Chlorpromazine Hydrochloride ,Speacial Drugs,,,,,,,,,,,,,,,,,,,,,,,
,260S,Pharmaceuticals,Tablet,Chlorpromazine Hydrochloride ,Speacial Drugs,,,,,,,,,,,,,,,,,,,,,,,
,261S,Pharmaceuticals,Tablet,Lansoprazole/Amoxycillin/Clarithromycin,Speacial Drugs,,,,,,,,,,,,,,,,,,,,,,,
,262S,Pharmaceuticals,Tablet,Clomiphene ,Speacial Drugs,,,,,,,,,,,,,,,,,,,,,,,
,263S,Pharmaceuticals,Tablet,Clopidogrel ,Speacial Drugs,,,,,,,,,,,,,,,,,,,,,,,
,264S,Pharmaceuticals,Tablet,Clopidogrel/Aspirin ,Speacial Drugs,,,,,,,,,,,,,,,,,,,,,,,
,265S,Pharmaceuticals,Tablet,Codeine Phosphate,Speacial Drugs,,,,,,,,,,,,,,,,,,,,,,,
,266S,Pharmaceuticals,Tablet,Diazepam ,Speacial Drugs,,,,,,,,,,,,,,,,,,,,,,,
,267S,Pharmaceuticals,Tablet,Diethylstilboestrol,Speacial Drugs,,,,,,,,,,,,,,,,,,,,,,,
,268S,Pharmaceuticals,Tablet,Digoxin Tablets  ,Speacial Drugs,,,,,,,,,,,,,,,,,,,,,,,
,269S,Pharmaceuticals,Tablet,Dihydrocodeine ,Speacial Drugs,,,,,,,,,,,,,,,,,,,,,,,
,270S,Pharmaceuticals,Tablet,Domperidone ,Speacial Drugs,,,,,,,,,,,,,,,,,,,,,,,
,271S,Pharmaceuticals,Tablet,Dydrogesterone ,Speacial Drugs,,,,,,,,,,,,,,,,,,,,,,,
,272S,Pharmaceuticals,Tablet,Enalapril                        ,Speacial Drugs,,,,,,,,,,,,,,,,,,,,,,,
,273S,Pharmaceuticals,Tablet,Enalapril                                ,Speacial Drugs,,,,,,,,,,,,,,,,,,,,,,,
,274S,Pharmaceuticals,Tablet,Etamysylate,Speacial Drugs,,,,,,,,,,,,,,,,,,,,,,,
,275S,Pharmaceuticals,Tablet,Finasteride ,Speacial Drugs,,,,,,,,,,,,,,,,,,,,,,,
,276S,Pharmaceuticals,Tablet,Fluoxetine Hydrochloride ,Speacial Drugs,,,,,,,,,,,,,,,,,,,,,,,
,277S,Pharmaceuticals,Capsule,Frusemide,Speacial Drugs,,,,,,,,,,,,,,,,,,,,,,,
,278S,Pharmaceuticals,Tablet,Gabapentin ,Speacial Drugs,,,,,,,,,,,,,,,,,,,,,,,
,279S,Pharmaceuticals,Capsule,Glibenclamide,Speacial Drugs,,,,,,,,,,,,,,,,,,,,,,,
,280S,Pharmaceuticals,Tablet,Gliclazide ,Speacial Drugs,,,,,,,,,,,,,,,,,,,,,,,
,281S,Pharmaceuticals,Tablet,Haloperidol ,Speacial Drugs,,,,,,,,,,,,,,,,,,,,,,,
,282S,Pharmaceuticals,Tablet,Haloperidol ,Speacial Drugs,,,,,,,,,,,,,,,,,,,,,,,
,283S,Pharmaceuticals,Tablet,Haloperidol ,Speacial Drugs,,,,,,,,,,,,,,,,,,,,,,,
,284S,Pharmaceuticals,Tablet,Hydralazine ,Speacial Drugs,,,,,,,,,,,,,,,,,,,,,,,
,285S,Pharmaceuticals,Tablet,Hydrochlorthiazide ,Speacial Drugs,,,,,,,,,,,,,,,,,,,,,,,
,286S,Pharmaceuticals,Tablet,Hydroxycarbamide,Speacial Drugs,,,,,,,,,,,,,,,,,,,,,,,
,287S,Pharmaceuticals,Capsule,Hydrochlorthiazide,Speacial Drugs,,,,,,,,,,,,,,,,,,,,,,,
,288S,Pharmaceuticals,Tablet,Isosorbide Dinitrate ,Speacial Drugs,,,,,,,,,,,,,,,,,,,,,,,
,289S,Pharmaceuticals,Tablet,Labetalol ,Speacial Drugs,,,,,,,,,,,,,,,,,,,,,,,
,290S,Pharmaceuticals,Tablet,Lansoprazole Dispersible Tablets,Speacial Drugs,,,,,,,,,,,,,,,,,,,,,,,
,291S,Pharmaceuticals,Tablet,Levothyroxine ,Speacial Drugs,,,,,,,,,,,,,,,,,,,,,,,
,292S,Pharmaceuticals,Tablet,Losartan/Hydrochlorthiazide ,Speacial Drugs,,,,,,,,,,,,,,,,,,,,,,,
,293S,Pharmaceuticals,Tablet,Losartan ,Speacial Drugs,,,,,,,,,,,,,,,,,,,,,,,
,294S,Pharmaceuticals,Tablet,Methyldopa ,Speacial Drugs,,,,,,,,,,,,,,,,,,,,,,,
,295S,Pharmaceuticals,Tablet,Metformin ,Speacial Drugs,,,,,,,,,,,,,,,,,,,,,,,
,296S,Pharmaceuticals,Tablet,Methyldopa ,Speacial Drugs,,,,,,,,,,,,,,,,,,,,,,,
,297S,Pharmaceuticals,Tablet,Metformin ,Speacial Drugs,,,,,,,,,,,,,,,,,,,,,,,
,298S,Pharmaceuticals,Tablet,Metolazone ,Speacial Drugs,,,,,,,,,,,,,,,,,,,,,,,
,299S,Pharmaceuticals,Tablet,Methotrexate,Speacial Drugs,,,,,,,,,,,,,,,,,,,,,,,
,300S,Pharmaceuticals,Tablet,Metformin ,Speacial Drugs,,,,,,,,,,,,,,,,,,,,,,,
,301S,Pharmaceuticals,Tablet,Metformin+Glibenclaminde ,Speacial Drugs,,,,,,,,,,,,,,,,,,,,,,,
,302S,Pharmaceuticals,Tablet,Misoprostol ,Speacial Drugs,,,,,,,,,,,,,,,,,,,,,,,
,303S,Pharmaceuticals,Tablet,Montelukast Sodium ,Speacial Drugs,,,,,,,,,,,,,,,,,,,,,,,
,304S,Pharmaceuticals,Tablet,Montelukast ,Speacial Drugs,,,,,,,,,,,,,,,,,,,,,,,
,305S,Pharmaceuticals,Sachet,Montelukast/Levocetrizine ,Speacial Drugs,,,,,,,,,,,,,,,,,,,,,,,
,306S,Pharmaceuticals,Tablet,Nifedipine Retard ,Speacial Drugs,,,,,,,,,,,,,,,,,,,,,,,
,307S,Pharmaceuticals,Tablet,Norethisterone ,Speacial Drugs,,,,,,,,,,,,,,,,,,,,,,,
,308S,Pharmaceuticals,Tablet,Olanzapine ,Speacial Drugs,,,,,,,,,,,,,,,,,,,,,,,
,309S,Pharmaceuticals,Tablet,Olanzapine ,Speacial Drugs,,,,,,,,,,,,,,,,,,,,,,,
,310S,Pharmaceuticals,Tablet,Omeprazole,Speacial Drugs,,,,,,,,,,,,,,,,,,,,,,,
,311S,Pharmaceuticals,Capsule,Paracetamol/Codeine/Caffeine/Doxylamine ,Speacial Drugs,,,,,,,,,,,,,,,,,,,,,,,
,312S,Pharmaceuticals,Tablet,Phenobarbitone ,Speacial Drugs,,,,,,,,,,,,,,,,,,,,,,,
,313S,Pharmaceuticals,Tablet,Phenytoin Sodium,Speacial Drugs,,,,,,,,,,,,,,,,,,,,,,,
,314S,Pharmaceuticals,Capsule,Pioglitazone ,Speacial Drugs,,,,,,,,,,,,,,,,,,,,,,,
,315S,Pharmaceuticals,Tablet,Metformin Tablets 500mg ,Speacial Drugs,,,,,,,,,,,,,,,,,,,,,,,
,316S,Pharmaceuticals,Tablet,Metformin Tablets XR 500mg,Speacial Drugs,,,,,,,,,,,,,,,,,,,,,,,
,317S,Pharmaceuticals,Tablet,Metrormin Tablets 850mg ,Speacial Drugs,,,,,,,,,,,,,,,,,,,,,,,
,318S,Pharmaceuticals,Tablet,Metrormin Tablets 1000mg ,Speacial Drugs,,,,,,,,,,,,,,,,,,,,,,,
,319S,Pharmaceuticals,Tablet,Metformin/Glibenclamide Tablets ,Speacial Drugs,,,,,,,,,,,,,,,,,,,,,,,
,320S,Pharmaceuticals,Tablet,Bisoprolol/ Hydrochlorothiazide ,Speacial Drugs,,,,,,,,,,,,,,,,,,,,,,,
,321S,Pharmaceuticals,Tablet,Bisoprolol/ Hydrochlorothiazide ,Speacial Drugs,,,,,,,,,,,,,,,,,,,,,,,
,322S,Pharmaceuticals,Tablet,Bisoprolol/ Hydrochlorothiazide ,Speacial Drugs,,,,,,,,,,,,,,,,,,,,,,,
,323S,Pharmaceuticals,Tablet,Bisoprolol 5mg  ,Speacial Drugs,,,,,,,,,,,,,,,,,,,,,,,
,324S,Pharmaceuticals,Tablet,Bisoprolol 10mg ,Speacial Drugs,,,,,,,,,,,,,,,,,,,,,,,
,325S,Pharmaceuticals,Tablet,Levothyroxine Tablets 50mcg,Speacial Drugs,,,,,,,,,,,,,,,,,,,,,,,
,326S,Pharmaceuticals,Tablet,Levothyroxine Tablets 25mcg ,Speacial Drugs,,,,,,,,,,,,,,,,,,,,,,,
,327S,Pharmaceuticals,Tablet,Levothyroxine Tablets 100mcg,Speacial Drugs,,,,,,,,,,,,,,,,,,,,,,,
,328S,Pharmaceuticals,Tablet,Metformin/Glibenclamide  ,Speacial Drugs,,,,,,,,,,,,,,,,,,,,,,,
,329S,Pharmaceuticals,Tablet,Letrozole ,Speacial Drugs,,,,,,,,,,,,,,,,,,,,,,,
,330S,Pharmaceuticals,Tablet,Glimepiride 1Mg ,Speacial Drugs,,,,,,,,,,,,,,,,,,,,,,,
,331S,Pharmaceuticals,Tablet,Glimepiride 2Mg ,Speacial Drugs,,,,,,,,,,,,,,,,,,,,,,,
,332S,Pharmaceuticals,Tablet,Glimepiride 4Mg ,Speacial Drugs,,,,,,,,,,,,,,,,,,,,,,,
,333S,Pharmaceuticals,Tablet,Valsartan 80Mg ,Speacial Drugs,,,,,,,,,,,,,,,,,,,,,,,
,334S,Pharmaceuticals,Tablet,Valsartan 160Mg ,Speacial Drugs,,,,,,,,,,,,,,,,,,,,,,,
,335S,Pharmaceuticals,Tablet,Vildagliptin 50Mg ,Speacial Drugs,,,,,,,,,,,,,,,,,,,,,,,
,336S,Pharmaceuticals,Tablet,Amlodipine 5Mg Tabs 30 Pck,Speacial Drugs,,,,,,,,,,,,,,,,,,,,,,,
,337S,Pharmaceuticals,Tablet,Metformin Tabs 1gm,Speacial Drugs,,,,,,,,,,,,,,,,,,,,,,,
,339S,Pharmaceuticals,Tablet,Tamoxifen Tabs 20Mg ,Speacial Drugs,,,,,,,,,,,,,,,,,,,,,,,
,340S,Pharmaceuticals,Tablet,Plendil Tablets 5mg ,Speacial Drugs,,,,,,,,,,,,,,,,,,,,,,,
,341S,Pharmaceuticals,Tablet,Plendil Tablets 10mg ,Speacial Drugs,,,,,,,,,,,,,,,,,,,,,,,
,342S,Pharmaceuticals,Tablet,Zestoretic tablets ,Speacial Drugs,,,,,,,,,,,,,,,,,,,,,,,
,343S,Pharmaceuticals,Tablet,Zestril Tablets 5mg ,Speacial Drugs,,,,,,,,,,,,,,,,,,,,,,,
,344S,Pharmaceuticals,Tablet,Zestril Tablets 10mg ,Speacial Drugs,,,,,,,,,,,,,,,,,,,,,,,
,345S,Pharmaceuticals,Powder,Activated Charcoal Powder,Speacial Drugs,,,,,,,,,,,,,,,,,,,,,,,
,346S,Pharmaceuticals,Capsule,Pregabalin Capsules 75mg ,Speacial Drugs,,,,,,,,,,,,,,,,,,,,,,,
,347S,Pharmaceuticals,Tablet,Pregnacare Tablets ,Speacial Drugs,,,,,,,,,,,,,,,,,,,,,,,
,348S,Pharmaceuticals,Tablet,Pregabalin Tablets 150mg,Speacial Drugs,,,,,,,,,,,,,,,,,,,,,,,
,349S,Pharmaceuticals,Capsule,Rabeprazole Capsule 20mg ,Speacial Drugs,,,,,,,,,,,,,,,,,,,,,,,
,350S,Pharmaceuticals,Capsule,Heamatinic Capsules,Speacial Drugs,,,,,,,,,,,,,,,,,,,,,,,
,351S,Pharmaceuticals,Bottle,Heamatinic Syrup 200ml,Speacial Drugs,,,,,,,,,,,,,,,,,,,,,,,
,352S,Pharmaceuticals,Tablet,Ranitidine Tablets 150mg ,Speacial Drugs,,,,,,,,,,,,,,,,,,,,,,,
,353S,Pharmaceuticals,Tablet,Risperidone Tablets 1mg,Speacial Drugs,,,,,,,,,,,,,,,,,,,,,,,
,354S,Pharmaceuticals,Tablet,Risperidone Tablets 2mg,Speacial Drugs,,,,,,,,,,,,,,,,,,,,,,,
,355S,Pharmaceuticals,Cannister,Salbutamol Inh.100mcg,Speacial Drugs,,,,,,,,,,,,,,,,,,,,,,,
,356S,Pharmaceuticals,Tube,Tetracycline Skin Ointment,Speacial Drugs,,,,,,,,,,,,,,,,,,,,,,,
,357S,Pharmaceuticals,Bottle,Tobrex Drops,Speacial Drugs,,,,,,,,,,,,,,,,,,,,,,,
,358S,Pharmaceuticals,Bottle,Travatan 2.5ml,Speacial Drugs,,,,,,,,,,,,,,,,,,,,,,,
,359S,Pharmaceuticals,Bottle,Duotrav Eye Drop 2.5ml,Speacial Drugs,,,,,,,,,,,,,,,,,,,,,,,
,360S,Pharmaceuticals,Tablet,Proguanil Hydrochloride ,Speacial Drugs,,,,,,,,,,,,,,,,,,,,,,,
,361S,Pharmaceuticals,Tablet,Propranolol Hydrochloride ,Speacial Drugs,,,,,,,,,,,,,,,,,,,,,,,
,362S,Pharmaceuticals,Tablet,Risperidone ,Speacial Drugs,,,,,,,,,,,,,,,,,,,,,,,
,363S,Pharmaceuticals,Tablet,Salbutamol,Speacial Drugs,,,,,,,,,,,,,,,,,,,,,,,
,364S,Pharmaceuticals,Tablet,Sodium Valproate ,Speacial Drugs,,,,,,,,,,,,,,,,,,,,,,,
,365S,Pharmaceuticals,Tablet,Sodium Valproate ,Speacial Drugs,,,,,,,,,,,,,,,,,,,,,,,
,366S,Pharmaceuticals,Tablet,Spironolactone ,Speacial Drugs,,,,,,,,,,,,,,,,,,,,,,,
,367S,Pharmaceuticals,Tablet,Tamsulosin Hydrochloride ,Speacial Drugs,,,,,,,,,,,,,,,,,,,,,,,
,368S,Pharmaceuticals,Capsule,Tranexamic Acid ,Speacial Drugs,,,,,,,,,,,,,,,,,,,,,,,
,369S,Pharmaceuticals,Capsule,Tranexamic Acid ,Speacial Drugs,,,,,,,,,,,,,,,,,,,,,,,
,370S,Pharmaceuticals,Tablet,Warfarin Sodium,Speacial Drugs,,,,,,,,,,,,,,,,,,,,,,,
,371S,Pharmaceuticals,Tablet,Warfarin Sodium ,Speacial Drugs,,,,,,,,,,,,,,,,,,,,,,,
,372S,Pharmaceuticals,Bottle,Salbutamol/Bromhexine/Guaiphensin/Mentholl Syrup 100ml  ,Speacial Drugs,,,,,,,,,,,,,,,,,,,,,,,
,373S,Pharmaceuticals,Bottle,Salbutamol/Bromhexine/Guaiphensin/Menthol  Syrup  100ml,Speacial Drugs,,,,,,,,,,,,,,,,,,,,,,,
,374S,Pharmaceuticals,Bottle,Lactulose Syrup 200ml ,Speacial Drugs,,,,,,,,,,,,,,,,,,,,,,,
,375S,Pharmaceuticals,Bottle,Bronchodilator with Mucolytic Syrup 100ml ,Speacial Drugs,,,,,,,,,,,,,,,,,,,,,,,
,376S,Pharmaceuticals,Bottle,Salbutamol Syrup 100ml ,Speacial Drugs,,,,,,,,,,,,,,,,,,,,,,,
,377S,Pharmaceuticals,Bottle,Sodium Valproate Oral Liquid 100ml,Speacial Drugs,,,,,,,,,,,,,,,,,,,,,,,
,378S,Pharmaceuticals,Amp,Adrenaline Injection 1ml ,Speacial Drugs,,,,,,,,,,,,,,,,,,,,,,,
,379S,Pharmaceuticals,Amp,Chlorpromazine HCL Injection 2ml ,Speacial Drugs,,,,,,,,,,,,,,,,,,,,,,,
,380S,Pharmaceuticals,Amp,Diazepam injection,Speacial Drugs,,,,,,,,,,,,,,,,,,,,,,,
,381S,Pharmaceuticals,Amp,Diazepam Injection 10mg,Speacial Drugs,,,,,,,,,,,,,,,,,,,,,,,
,382S,Pharmaceuticals,Amp,Enoxaparin Injection 40mg,Speacial Drugs,,,,,,,,,,,,,,,,,,,,,,,
,383S,Pharmaceuticals,Amp,Enoxaparin Injection 40mg,Speacial Drugs,,,,,,,,,,,,,,,,,,,,,,,
,384S,Pharmaceuticals,Syringe,Erythropoietin Injection ,Speacial Drugs,,,,,,,,,,,,,,,,,,,,,,,
,385S,Pharmaceuticals,Vial,Esomeprazole Iv Infusion 40Mg ,Speacial Drugs,,,,,,,,,,,,,,,,,,,,,,,
,386S,Pharmaceuticals,Amp,Etamysylate Injection 2ml ,Speacial Drugs,,,,,,,,,,,,,,,,,,,,,,,
,387S,Pharmaceuticals,Amp,Fentanyl Citrate 2ml ,Speacial Drugs,,,,,,,,,,,,,,,,,,,,,,,
,388S,Pharmaceuticals,Amp,Flupenthixol Injection 1ml ,Speacial Drugs,,,,,,,,,,,,,,,,,,,,,,,
,389S,Pharmaceuticals,Amp,Fluphenazine Decanoate Injection 1ml ,Speacial Drugs,,,,,,,,,,,,,,,,,,,,,,,
,390S,Pharmaceuticals,Amp,Frusemide Injection 2ml ,Speacial Drugs,,,,,,,,,,,,,,,,,,,,,,,
,391S,Pharmaceuticals,Amp,Goserelin Acetate Injection ,Speacial Drugs,,,,,,,,,,,,,,,,,,,,,,,
,392S,Pharmaceuticals,Amp,Goserelin Acetate Injection 3.6mg,Speacial Drugs,,,,,,,,,,,,,,,,,,,,,,,
,393S,Pharmaceuticals,Amp,Haloperidol Injection 1ml,Speacial Drugs,,,,,,,,,,,,,,,,,,,,,,,
,394S,Pharmaceuticals,Vial,Heparin Sodium Injection  5ml,Speacial Drugs,,,,,,,,,,,,,,,,,,,,,,,
,395S,Pharmaceuticals,Vial,Hydrocortisone Sodium Succinate Injection 100mg ,Speacial Drugs,,,,,,,,,,,,,,,,,,,,,,,
,396S,Pharmaceuticals,Amp,Hydralazine Hydrochloride powder for Injection 20mg ,Speacial Drugs,,,,,,,,,,,,,,,,,,,,,,,
,397S,Pharmaceuticals,Vial,Insulin Mixtard injection  10ml ,Speacial Drugs,,,,,,,,,,,,,,,,,,,,,,,
,398S,Pharmaceuticals,Vial,Soluble Insulin Actrapid Injection 10ml ,Speacial Drugs,,,,,,,,,,,,,,,,,,,,,,,
,399S,Pharmaceuticals,pen,Insulin Mixtard Flexpen  3ml ,Speacial Drugs,,,,,,,,,,,,,,,,,,,,,,,
,400S,Pharmaceuticals,Amp,Ketamine Hydrochloride Injection 10ml,Speacial Drugs,,,,,,,,,,,,,,,,,,,,,,,
,401S,Pharmaceuticals,Vial,Labetalol Injection 20ml,Speacial Drugs,,,,,,,,,,,,,,,,,,,,,,,
,402S,Pharmaceuticals,Vial,Lignocaine Hydrochloride Injection 30ml ,Speacial Drugs,,,,,,,,,,,,,,,,,,,,,,,
,403S,Pharmaceuticals,Amp,Methotrexate Injection 50mg,Speacial Drugs,,,,,,,,,,,,,,,,,,,,,,,
,404S,Pharmaceuticals,Amp,Methylprednisolone Tablets 4Mg,Speacial Drugs,,,,,,,,,,,,,,,,,,,,,,,
,405S,Pharmaceuticals,Amp,Midazolam Injection  3ml,Speacial Drugs,,,,,,,,,,,,,,,,,,,,,,,
,406S,Pharmaceuticals,Amp,Morphine Sulphate Injection ,Speacial Drugs,,,,,,,,,,,,,,,,,,,,,,,
,407S,Pharmaceuticals,Amp,Morphine Injection ,Speacial Drugs,,,,,,,,,,,,,,,,,,,,,,,
,408S,Pharmaceuticals,Amp,Naloxone Injection ,Speacial Drugs,,,,,,,,,,,,,,,,,,,,,,,
,409S,Pharmaceuticals,Amp,Neostigmine Injection ,Speacial Drugs,,,,,,,,,,,,,,,,,,,,,,,
,410S,Pharmaceuticals,Vial,Omeprazole Injection 40mg,Speacial Drugs,,,,,,,,,,,,,,,,,,,,,,,
,411S,Pharmaceuticals,Amp,Oxytocin Injection ,Speacial Drugs,,,,,,,,,,,,,,,,,,,,,,,
,412S,Pharmaceuticals,Amp,Pancuronium Bromide Injection ,Speacial Drugs,,,,,,,,,,,,,,,,,,,,,,,
,413S,Pharmaceuticals,Amp,Pethidine Injection ,Speacial Drugs,,,,,,,,,,,,,,,,,,,,,,,
,414S,Pharmaceuticals,Amp,Pethidine Injection 100mg,Speacial Drugs,,,,,,,,,,,,,,,,,,,,,,,
,415S,Pharmaceuticals,Amp,Phenytoin Sodium Injection 250mg,Speacial Drugs,,,,,,,,,,,,,,,,,,,,,,,
,416S,Pharmaceuticals,Amp,Phenobarbitone Sodium Injection 200mg,Speacial Drugs,,,,,,,,,,,,,,,,,,,,,,,
,417S,Pharmaceuticals,Amp,Potassium Chloride Injection  10ml ,Speacial Drugs,,,,,,,,,,,,,,,,,,,,,,,
,418S,Pharmaceuticals,Amp,Potassium Permanganate Solution 500Ml,Speacial Drugs,,,,,,,,,,,,,,,,,,,,,,,
,419S,Pharmaceuticals,Amp,Propofol Injection  20ml,Speacial Drugs,,,,,,,,,,,,,,,,,,,,,,,
,420S,Pharmaceuticals,Amp,Ranitidine Injection  2ml ,Speacial Drugs,,,,,,,,,,,,,,,,,,,,,,,
,421S,Pharmaceuticals,Amp,Sodium Bicarbonate Injection ,Speacial Drugs,,,,,,,,,,,,,,,,,,,,,,,
,422S,Pharmaceuticals,Amp,Suxamethonium Chloride Injection 2ml ,Speacial Drugs,,,,,,,,,,,,,,,,,,,,,,,
,423S,Pharmaceuticals,Vial,Thiopentone Powder for Injection,Speacial Drugs,,,,,,,,,,,,,,,,,,,,,,,
,424S,Pharmaceuticals,Amp,Tranexamic Acid Injection 500mg,Speacial Drugs,,,,,,,,,,,,,,,,,,,,,,,
,425S,Pharmaceuticals,Amp,Tramadol Injection 100mg,Speacial Drugs,,,,,,,,,,,,,,,,,,,,,,,
,426S,Pharmaceuticals,Amp,Vincristine Injection 1mg,Speacial Drugs,,,,,,,,,,,,,,,,,,,,,,,
,427S,Pharmaceuticals,Amp,Zuclopenthixol Acetate ,Speacial Drugs,,,,,,,,,,,,,,,,,,,,,,,
,428S,Pharmaceuticals,Cannister,Beclomethasone Inhaler/ Salbutamol  Inhaler,Speacial Drugs,,,,,,,,,,,,,,,,,,,,,,,
,429S,Pharmaceuticals,Cannister,Beclomethasone Inhaler 100mcg,Speacial Drugs,,,,,,,,,,,,,,,,,,,,,,,
,430S,Pharmaceuticals,Cannister,Budesonide Inhaler 200mcg,Speacial Drugs,,,,,,,,,,,,,,,,,,,,,,,
,431S,Pharmaceuticals,Bottle,Halothane 250ml ,Speacial Drugs,,,,,,,,,,,,,,,,,,,,,,,
,432S,Pharmaceuticals,Bottle,Isoflurane Inhalation 250ml ,Speacial Drugs,,,,,,,,,,,,,,,,,,,,,,,
,433S,Pharmaceuticals,Cannister,Salbutamol Inhaler 100mcg,Speacial Drugs,,,,,,,,,,,,,,,,,,,,,,,
,434S,Pharmaceuticals,Bottle,Salbutamol Respirator Solution 10ml ,Speacial Drugs,,,,,,,,,,,,,,,,,,,,,,,
,435S,Pharmaceuticals,Piece,Salbutamol Rotahaler Device,Speacial Drugs,,,,,,,,,,,,,,,,,,,,,,,
,436S,Pharmaceuticals,Capsule,Salbutamol Rotacaps 200mcg,Speacial Drugs,,,,,,,,,,,,,,,,,,,,,,,
,437S,Pharmaceuticals,Cannister,Salmeterol Xinafoate+Fluticasone,Speacial Drugs,,,,,,,,,,,,,,,,,,,,,,,
,438S,Pharmaceuticals,Cannister,Salmeterol Xinafoate+Fluticasone ,Speacial Drugs,,,,,,,,,,,,,,,,,,,,,,,
,439S,Pharmaceuticals,Cannister,Salbutamol/Ipratropium Nebulising Solution ,Speacial Drugs,,,,,,,,,,,,,,,,,,,,,,,
,440S,Pharmaceuticals,Tube,Acyclovir Eye Ointment  2.5g ,Speacial Drugs,,,,,,,,,,,,,,,,,,,,,,,
,441S,Pharmaceuticals,Tube,Analgesic Rub-in Balm 20g ,Speacial Drugs,,,,,,,,,,,,,,,,,,,,,,,
,442S,Pharmaceuticals,Tablet,Anti-Haemorrhoidal Suppositories,Speacial Drugs,,,,,,,,,,,,,,,,,,,,,,,
,443S,Pharmaceuticals,Tube,Anti haemorroidal Ointment ,Speacial Drugs,,,,,,,,,,,,,,,,,,,,,,,
,444S,Pharmaceuticals,Tube,Antibiotic Ointment 20gm,Speacial Drugs,,,,,,,,,,,,,,,,,,,,,,,
,445S,Pharmaceuticals,Tube,Anti-Haemorrhoidal Suppositories,Speacial Drugs,,,,,,,,,,,,,,,,,,,,,,,
,446S,Pharmaceuticals,Bottle,Atropine Eye Drops 5ml ,Speacial Drugs,,,,,,,,,,,,,,,,,,,,,,,
,447S,Pharmaceuticals,Bottle,Azelastine Eye Drops 5ml,Speacial Drugs,,,,,,,,,,,,,,,,,,,,,,,
,448S,Pharmaceuticals,Tube,Benzoic/salicylic Acid Ointment 400g ,Speacial Drugs,,,,,,,,,,,,,,,,,,,,,,,
,449S,Pharmaceuticals,Bottle,Benzyl Benzoate Emulsion,Speacial Drugs,,,,,,,,,,,,,,,,,,,,,,,
,450S,Pharmaceuticals,Tube,Benzoic/salicylic Acid Ointment 20g ,Speacial Drugs,,,,,,,,,,,,,,,,,,,,,,,
,451S,Pharmaceuticals,Bottle,Benzyl Benzoate Emulsion 100ml ,Speacial Drugs,,,,,,,,,,,,,,,,,,,,,,,
,452S,Pharmaceuticals,Tube,Betamethasone Cream 15g ,Speacial Drugs,,,,,,,,,,,,,,,,,,,,,,,
,453S,Pharmaceuticals,Tube,Betamethasone Ointment 15g ,Speacial Drugs,,,,,,,,,,,,,,,,,,,,,,,
,454S,Pharmaceuticals,Bottle,Betamethasone Eye/Ear/Nose Drops 7.5ml,Speacial Drugs,,,,,,,,,,,,,,,,,,,,,,,
,455S,Pharmaceuticals,Bottle,Betaxolol Eye Drops 5ml,Speacial Drugs,,,,,,,,,,,,,,,,,,,,,,,
,456S,Pharmaceuticals,Tube,Choline Salicylic/Cetalkonium Gel 10gm,Speacial Drugs,,,,,,,,,,,,,,,,,,,,,,,
,457S,Pharmaceuticals,Bottle,Calamine Lotion 100ml ,Speacial Drugs,,,,,,,,,,,,,,,,,,,,,,,
,458S,Pharmaceuticals,Piece,Silver Nitrate Caustic Pencil ,Speacial Drugs,,,,,,,,,,,,,,,,,,,,,,,
,459S,Pharmaceuticals,Tube,Chlorhexidine/Cetrimide Ointment  100g ,Speacial Drugs,,,,,,,,,,,,,,,,,,,,,,,
,460S,Pharmaceuticals,Tube,Chlorhexidine/Cetrimide Ointment 100g ,Speacial Drugs,,,,,,,,,,,,,,,,,,,,,,,
,461S,Pharmaceuticals,Bottle,Chloramphenicol Eye Drops 10ml ,Speacial Drugs,,,,,,,,,,,,,,,,,,,,,,,
,462S,Pharmaceuticals,Tube,Chlorhexidine Digluconate Gel 10gm,Speacial Drugs,,,,,,,,,,,,,,,,,,,,,,,
,463S,Pharmaceuticals,Bottle,Chlorhexidine  100Ml,Speacial Drugs,,,,,,,,,,,,,,,,,,,,,,,
,464S,Pharmaceuticals,Bottle,Ciprofloxacin Eye Drops 5ml ,Speacial Drugs,,,,,,,,,,,,,,,,,,,,,,,
,465S,Pharmaceuticals,Bottle,Ciprofloxacin/Dexamethasone Eye Drops  5ml,Speacial Drugs,,,,,,,,,,,,,,,,,,,,,,,
,466S,Pharmaceuticals,Tablet,Clotrimazole Pessaries 200mg,Speacial Drugs,,,,,,,,,,,,,,,,,,,,,,,
,467S,Pharmaceuticals,Bottle,Clotrimazole Oral Paint 15ml ,Speacial Drugs,,,,,,,,,,,,,,,,,,,,,,,
,468S,Pharmaceuticals,Tube,Clotrimazole Cream 20g,Speacial Drugs,,,,,,,,,,,,,,,,,,,,,,,
,469S,Pharmaceuticals,Bottle,Clotrimazole Powder  30g ,Speacial Drugs,,,,,,,,,,,,,,,,,,,,,,,
,470S,Pharmaceuticals,Tablet,Clotrimazole Pessaries 500mg,Speacial Drugs,,,,,,,,,,,,,,,,,,,,,,,
,471S,Pharmaceuticals,Bottle,Cromoglycate Cusicrom Eye Drops 10ml,Speacial Drugs,,,,,,,,,,,,,,,,,,,,,,,
,472S,Pharmaceuticals,Bottle,Cyclopentolate Eye Drops 15ml,Speacial Drugs,,,,,,,,,,,,,,,,,,,,,,,
,473S,Pharmaceuticals,Bottle,Dexamethasone/Gentamycin Eye Drops 10ml ,Speacial Drugs,,,,,,,,,,,,,,,,,,,,,,,
,474S,Pharmaceuticals,Bottle,Dexamethasone Eye Drops 5ml,Speacial Drugs,,,,,,,,,,,,,,,,,,,,,,,
,475S,Pharmaceuticals,Bottle,Dexamethasone/Neomycin Eye Drops 5ml,Speacial Drugs,,,,,,,,,,,,,,,,,,,,,,,
,476S,Pharmaceuticals,Bottle,Dexamethasone/Gentamycin Eye Drops 5ml,Speacial Drugs,,,,,,,,,,,,,,,,,,,,,,,
,477S,Pharmaceuticals,Tablet,Diclofenac Suppositories 100mg,Speacial Drugs,,,,,,,,,,,,,,,,,,,,,,,
,478S,Pharmaceuticals,Tube,Diclofenac Gel 15gm,Speacial Drugs,,,,,,,,,,,,,,,,,,,,,,,
,479S,Pharmaceuticals,Tube,Diclofenac Gel 20gm,Speacial Drugs,,,,,,,,,,,,,,,,,,,,,,,
,480S,Pharmaceuticals,Bottle,Diclofenac/Gentamycin Eye Drops 5ml,Speacial Drugs,,,,,,,,,,,,,,,,,,,,,,,
,481S,Pharmaceuticals,Bottle,Emadastine Eye Drops   5ml,Speacial Drugs,,,,,,,,,,,,,,,,,,,,,,,
,482S,Pharmaceuticals,Bottle,Fluticasone Nasal Spray 27.5mg,Speacial Drugs,,,,,,,,,,,,,,,,,,,,,,,
,483S,Pharmaceuticals,Bottle,Flourometholone Eye drops  5ml,Speacial Drugs,,,,,,,,,,,,,,,,,,,,,,,
,484S,Pharmaceuticals,Bottle,Framycetin/ Gramicidin/Dexamethasone Eye Drops  8ml,Speacial Drugs,,,,,,,,,,,,,,,,,,,,,,,
,485S,Pharmaceuticals,Bottle,Gentamycin Eye/Ear Drops 10ml ,Speacial Drugs,,,,,,,,,,,,,,,,,,,,,,,
,486S,Pharmaceuticals,Tube,Hydrocortisone Cream 15gm,Speacial Drugs,,,,,,,,,,,,,,,,,,,,,,,
,487S,Pharmaceuticals,Tube,Hydrocortisone Ointment 15gm ,Speacial Drugs,,,,,,,,,,,,,,,,,,,,,,,
,488S,Pharmaceuticals,Tube,Hydrocortisone Eye Drops 5ml,Speacial Drugs,,,,,,,,,,,,,,,,,,,,,,,
,489S,Pharmaceuticals,Tube,Ketoralac Eye Drops  5ml,Speacial Drugs,,,,,,,,,,,,,,,,,,,,,,,
,490S,Pharmaceuticals,Tube,Ketoprofen Gel 20g,Speacial Drugs,,,,,,,,,,,,,,,,,,,,,,,
,491S,Pharmaceuticals,Tube,KY-Jelly-Sterile Lubricating Gel 50gm ,Speacial Drugs,,,,,,,,,,,,,,,,,,,,,,,
,492S,Pharmaceuticals,Bottle,Latanoprost Eye Drops  5ml,Speacial Drugs,,,,,,,,,,,,,,,,,,,,,,,
,493S,Pharmaceuticals,Bottle,Methycellulose Eye Drops 10ml,Speacial Drugs,,,,,,,,,,,,,,,,,,,,,,,
,494S,Pharmaceuticals,Tablet,Metronidazole/Clotrimazole/Lactic Acid Bacillus Pessaries,Speacial Drugs,,,,,,,,,,,,,,,,,,,,,,,
,495S,Pharmaceuticals,Tube,Miconazole Gel  40g ,Speacial Drugs,,,,,,,,,,,,,,,,,,,,,,,
,496S,Pharmaceuticals,Bottle,Sodium Citrate/Sodium Lauryl Sulphate/Glycerin Microenema 20ml ,Speacial Drugs,,,,,,,,,,,,,,,,,,,,,,,
,497S,Pharmaceuticals,Bottle,Mometasone Furoate Nasal Spray 10ml ,Speacial Drugs,,,,,,,,,,,,,,,,,,,,,,,
,498S,Pharmaceuticals,Tube,Mupirocin Ointment 15gm,Speacial Drugs,,,,,,,,,,,,,,,,,,,,,,,
,499S,Pharmaceuticals,Bottle,Neomycin/ Polymixin B/ Dexamethasone Eye Drops 5ml,Speacial Drugs,,,,,,,,,,,,,,,,,,,,,,,
,500S,Pharmaceuticals,Bottle,Neomycin/ Betamethasone Eye Drops  5ml,Speacial Drugs,,,,,,,,,,,,,,,,,,,,,,,
,501S,Pharmaceuticals,Bottle,Neomycin/ Polymixin B/ Dexamethasone Eye Ointment  3.5g,Speacial Drugs,,,,,,,,,,,,,,,,,,,,,,,
,502S,Pharmaceuticals,Bottle,Nystatin Oral Drops  30ml ,Speacial Drugs,,,,,,,,,,,,,,,,,,,,,,,
,503S,Pharmaceuticals,Bottle,Ofloxacin/Dexamethasone Eye Drops  5ml,Speacial Drugs,,,,,,,,,,,,,,,,,,,,,,,
,504S,Pharmaceuticals,Bottle,Ofloxacin Eye Drops  5ml,Speacial Drugs,,,,,,,,,,,,,,,,,,,,,,,
,505S,Pharmaceuticals,Bottle,Paraffin Liquid,Speacial Drugs,,,,,,,,,,,,,,,,,,,,,,,
,506S,Pharmaceuticals,Tablet,Paracetamol Suppositories 250mg ,Speacial Drugs,,,,,,,,,,,,,,,,,,,,,,,
,507S,Pharmaceuticals,Tablet,Paracetamol Suppositories 125mg,Speacial Drugs,,,,,,,,,,,,,,,,,,,,,,,
,508S,Pharmaceuticals,Bottle,Pilocarpine Eye Drops  5ml ,Speacial Drugs,,,,,,,,,,,,,,,,,,,,,,,
,509S,Pharmaceuticals,Bottle,Potassium Permanganate Solution 500Ml,Speacial Drugs,,,,,,,,,,,,,,,,,,,,,,,
,510S,Pharmaceuticals,Bottle,Povidone Iodine  250ml  ,Speacial Drugs,,,,,,,,,,,,,,,,,,,,,,,
,511S,Pharmaceuticals,Tube,Povidone Iodine Ointment  15g ,Speacial Drugs,,,,,,,,,,,,,,,,,,,,,,,
,512S,Pharmaceuticals,Bottle,Povidone Iodine  100ml ,Speacial Drugs,,,,,,,,,,,,,,,,,,,,,,,
,513S,Pharmaceuticals,Bottle,Prednisolone Forte Eye Drops  5ml,Speacial Drugs,,,,,,,,,,,,,,,,,,,,,,,
,514S,Pharmaceuticals,Tablet,Prostaglandin E2,Speacial Drugs,,,,,,,,,,,,,,,,,,,,,,,
,515S,Pharmaceuticals,Bottle,Saline Nasal Drops 10ml ,Speacial Drugs,,,,,,,,,,,,,,,,,,,,,,,
,516S,Pharmaceuticals,Tin,Silver Sulphadiazine Cream  100gm ,Speacial Drugs,,,,,,,,,,,,,,,,,,,,,,,
,517S,Pharmaceuticals,Tin,Silver Sulphadiazine Cream  250g ,Speacial Drugs,,,,,,,,,,,,,,,,,,,,,,,
,518S,Pharmaceuticals,Tin,Silver Sulphadiazine Cream 15g ,Speacial Drugs,,,,,,,,,,,,,,,,,,,,,,,
,519S,Pharmaceuticals,Bottle,Sodium Chromoglycate 10ml ,Speacial Drugs,,,,,,,,,,,,,,,,,,,,,,,
,520S,Pharmaceuticals,Tube,Sulphur Ointment  25g ,Speacial Drugs,,,,,,,,,,,,,,,,,,,,,,,
,521S,Pharmaceuticals,Bottle,Tears Natural Eye Drops15ml,Speacial Drugs,,,,,,,,,,,,,,,,,,,,,,,
,522S,Pharmaceuticals,Tube,Terbinafine Cream  15g,Speacial Drugs,,,,,,,,,,,,,,,,,,,,,,,
,523S,Pharmaceuticals,Tube,Tetracycline Eye Ointment  3.5g ,Speacial Drugs,,,,,,,,,,,,,,,,,,,,,,,
,524S,Pharmaceuticals,Bottle,Timolol Eye Drops  5ml ,Speacial Drugs,,,,,,,,,,,,,,,,,,,,,,,
,525S,Pharmaceuticals,Bottle,Tobramycin/Dexamethasone Eye Drops  5ml,Speacial Drugs,,,,,,,,,,,,,,,,,,,,,,,
,526S,Pharmaceuticals,Bottle,Tobramycin/Dexamethasone Eye Drops  5ml,Speacial Drugs,,,,,,,,,,,,,,,,,,,,,,,
,527S,Pharmaceuticals,Bottle,Tropicamide Eye Drops  15ml,Speacial Drugs,,,,,,,,,,,,,,,,,,,,,,,
,528S,Pharmaceuticals,Bottle,Paradichlorobenzine/Benzocaine/Chlorobutanol/Turpentine Oil 10ml,Speacial Drugs,,,,,,,,,,,,,,,,,,,,,,,
,529S,Pharmaceuticals,Tin,Zinc Oxide Ointment  500g ,Speacial Drugs,,,,,,,,,,,,,,,,,,,,,,,
,530S,Pharmaceuticals,Bottle,Zinc Sulphate Eye Drops  5ml ,Speacial Drugs,,,,,,,,,,,,,,,,,,,,,,,
,531S,Pharmaceuticals,Vial,Hepatitis B  Vaccine 1ml ,Speacial Drugs,,,,,,,,,,,,,,,,,,,,,,,
,532S,Pharmaceuticals,Vial,Human Papilloma Virus Vaccine 0.5ml,Speacial Drugs,,,,,,,,,,,,,,,,,,,,,,,
,533S,Pharmaceuticals,Vial,Rabies Vaccine Verorab  0.5ml ,Speacial Drugs,,,,,,,,,,,,,,,,,,,,,,,
,534S,Pharmaceuticals,Vial,Rabies Vaccine  0.5ml ,Speacial Drugs,,,,,,,,,,,,,,,,,,,,,,,
,535S,Pharmaceuticals,Vial,Typhoid Vaccine  10ml ,Speacial Drugs,,,,,,,,,,,,,,,,,,,,,,,
,536S,Pharmaceuticals,Tube,Acyclovir Cream 5gm ,Speacial Drugs,,,,,,,,,,,,,,,,,,,,,,,
,537S,Pharmaceuticals,Bottle,Azarga Eye Drops,Speacial Drugs,,,,,,,,,,,,,,,,,,,,,,,
,538S,Pharmaceuticals,Tablet,Captopril Tablet 25mg ,Speacial Drugs,,,,,,,,,,,,,,,,,,,,,,,
,539S,Pharmaceuticals,Tablet,Cartil Super Forte Tablets ,Speacial Drugs,,,,,,,,,,,,,,,,,,,,,,,
,540S,Pharmaceuticals,Tablet,Betamethasone+ dexchlorpheniramine ,Speacial Drugs,,,,,,,,,,,,,,,,,,,,,,,
,541S,Pharmaceuticals,Tablet,Cimetidine Tabs 400mg ,Speacial Drugs,,,,,,,,,,,,,,,,,,,,,,,
,542S,Pharmaceuticals,Tube,Clotrimazole +Betamethasone Cream  15gm,Speacial Drugs,,,,,,,,,,,,,,,,,,,,,,,
,543S,Pharmaceuticals,Tablet,Diosmin+ Hesperidin ,Speacial Drugs,,,,,,,,,,,,,,,,,,,,,,,
,544S,Pharmaceuticals,Tablet,Digoxin Tabs 0.25mg,Speacial Drugs,,,,,,,,,,,,,,,,,,,,,,,
,545S,Pharmaceuticals,Tube,Dura Tears Eye Ointment 3.5 Gm,Speacial Drugs,,,,,,,,,,,,,,,,,,,,,,,
,546S,Pharmaceuticals,Tablet,Esomeprazole Tablets 20mg ,Speacial Drugs,,,,,,,,,,,,,,,,,,,,,,,
,547S,Pharmaceuticals,Bottle,Flurbiprofen Eye Drops 5ml,Speacial Drugs,,,,,,,,,,,,,,,,,,,,,,,
,548S,Pharmaceuticals,Cannister,Fluticasone Propionate Inhaller 125mcg ,Speacial Drugs,,,,,,,,,,,,,,,,,,,,,,,
,549S,Pharmaceuticals,Cannister,Fluticasone Propionate Inhaller 50mcg,Speacial Drugs,,,,,,,,,,,,,,,,,,,,,,,
,550S,Pharmaceuticals,Cannister,Budesonide+Formoterol 200mcg ,Speacial Drugs,,,,,,,,,,,,,,,,,,,,,,,
,551S,Pharmaceuticals,Tablet,Glutamic Acid  250mg ,Speacial Drugs,,,,,,,,,,,,,,,,,,,,,,,
,552S,Pharmaceuticals,Tablet,Glutamic Acid Vit ,Speacial Drugs,,,,,,,,,,,,,,,,,,,,,,,
,553S,Pharmaceuticals,Bottle,Haematinic Syrup 200ml ,Speacial Drugs,,,,,,,,,,,,,,,,,,,,,,,
,554S,Pharmaceuticals,Vial,Meningitis Vaccine Menactra,Speacial Drugs,,,,,,,,,,,,,,,,,,,,,,,
,555S,Pharmaceuticals,Tablet,Mirtazapine  Tablets 15mg,Speacial Drugs,,,,,,,,,,,,,,,,,,,,,,,
,556S,Pharmaceuticals,Tablet,Mirtazapine Tablets 30mg,Speacial Drugs,,,,,,,,,,,,,,,,,,,,,,,
,557S,Pharmaceuticals,Tablet,Vitamin B1 B6 B12 ,Speacial Drugs,,,,,,,,,,,,,,,,,,,,,,,
,558S,Pharmaceuticals,Tablet,Norethisterone 5mg ,Speacial Drugs,,,,,,,,,,,,,,,,,,,,,,,
,559O,Pharmaceuticals,Tablet,Ascorbic Acid ,Others,,,,,,,,,,,,,,,,,,,,,,,
,560O,Pharmaceuticals,Tablet,Ascorbic Acid Tablets ,Others,,,,,,,,,,,,,,,,,,,,,,,
,561O,Pharmaceuticals,Tablet,Bisacodyl ,Others,,,,,,,,,,,,,,,,,,,,,,,
,562O,Pharmaceuticals,Tablet,Calcium + Vitamin D ,Others,,,,,,,,,,,,,,,,,,,,,,,
,563O,Pharmaceuticals,Tablet,Calcium /Cholecalciferol/Magnesium/Zinc ,Others,,,,,,,,,,,,,,,,,,,,,,,
,564O,Pharmaceuticals,Tablet,Calcium + Vitamin D  ,Others,,,,,,,,,,,,,,,,,,,,,,,
,565O,Pharmaceuticals,Tablet,Ferrous Sulphate ,Others,,,,,,,,,,,,,,,,,,,,,,,
,566O,Pharmaceuticals,Tablet,Ferrous Fumarate equivalent to BP 100mg Iron /Folic Acid USP 350mcg,Others,,,,,,,,,,,,,,,,,,,,,,,
,567O,Pharmaceuticals,Tablet,Ferrous Sulphate 200mg+ Folic Acid 400mcg ,Others,,,,,,,,,,,,,,,,,,,,,,,
,568O,Pharmaceuticals,Tablet,Folic Acid ,Others,,,,,,,,,,,,,,,,,,,,,,,
,569O,Pharmaceuticals,Tablet,Haematinic Capsules,Others,,,,,,,,,,,,,,,,,,,,,,,
,570O,Pharmaceuticals,Tablet,Multi-Vitamin,Others,,,,,,,,,,,,,,,,,,,,,,,
,571O,Pharmaceuticals,Gum,Nicotine ,Others,,,,,,,,,,,,,,,,,,,,,,,
,572O,Pharmaceuticals,Gum,Nicotine ,Others,,,,,,,,,,,,,,,,,,,,,,,
,573O,Pharmaceuticals,Tablet,Ondansetron Hydrochloride ,Others,,,,,,,,,,,,,,,,,,,,,,,
,574O,Pharmaceuticals,Tablet,Pyridoxine Hydrochloride Vitamin B6,Others,,,,,,,,,,,,,,,,,,,,,,,
,575O,Pharmaceuticals,Tablet,Senna Tablets 7.5mg,Others,,,,,,,,,,,,,,,,,,,,,,,
,576O,Pharmaceuticals,Tablet,Vitamin B Complex ,Others,,,,,,,,,,,,,,,,,,,,,,,
,577O,Pharmaceuticals,Capsule,Vitamin E ,Others,,,,,,,,,,,,,,,,,,,,,,,
,578O,Pharmaceuticals,Tablet,Zinc Sulphate Dispersible Tablets ,Others,,,,,,,,,,,,,,,,,,,,,,,
,579O,Pharmaceuticals,Bottle,Haematinic Syrup 200ml ,Others,,,,,,,,,,,,,,,,,,,,,,,
,580O,Pharmaceuticals,Bottle,Multivitamin Syrup 100ml ,Others,,,,,,,,,,,,,,,,,,,,,,,
,581O,Pharmaceuticals,Bottle,Multivitamin Syrup with Amino Acid 200ml ,Others,,,,,,,,,,,,,,,,,,,,,,,
,582O,Pharmaceuticals,Bottle,Vitamin D3 Oral Drops 15ml,Others,,,,,,,,,,,,,,,,,,,,,,,
,583O,Pharmaceuticals,Bottle,Zinc Sulphate Syrup  60ml,Others,,,,,,,,,,,,,,,,,,,,,,,
,584O,Pharmaceuticals,Vial,Anti D injection 300mg,Others,,,,,,,,,,,,,,,,,,,,,,,
,585O,Pharmaceuticals,Vial,Anti-Snake Venom Immunoglobulin African-Tropicalized 10ml,Others,,,,,,,,,,,,,,,,,,,,,,,
,586O,Pharmaceuticals,Amp,Atropine Injection  1ml ,Others,,,,,,,,,,,,,,,,,,,,,,,
,587O,Pharmaceuticals,Amp,Bupivacaine  Injection  4ml,Others,,,,,,,,,,,,,,,,,,,,,,,
,588O,Pharmaceuticals,Vial,Bupivacaine Hcl Injection ,Others,,,,,,,,,,,,,,,,,,,,,,,
,589O,Pharmaceuticals,Amp,Calcium Gluconate Injection 10ml ,Others,,,,,,,,,,,,,,,,,,,,,,,
,590O,Pharmaceuticals,Amp,Cyclophosphamide Injection 500mg ,Others,,,,,,,,,,,,,,,,,,,,,,,
,591O,Pharmaceuticals,Amp,Cyclophosphamide Injection 1gm ,Others,,,,,,,,,,,,,,,,,,,,,,,
,592O,Pharmaceuticals,Vial,Dental Cartridges 1.8ml,Others,,,,,,,,,,,,,,,,,,,,,,,
,593O,Pharmaceuticals,Amp,Dopamine Hydrochloride Injection  5ml,Others,,,,,,,,,,,,,,,,,,,,,,,
,594O,Pharmaceuticals,Amp,Ephedrine HCL injection ,Others,,,,,,,,,,,,,,,,,,,,,,,
,595O,Pharmaceuticals,Amp,Ergometrine Injection 200Mcg,Others,,,,,,,,,,,,,,,,,,,,,,,
,596O,Pharmaceuticals,Syringe,Erythropoietin Injection,Others,,,,,,,,,,,,,,,,,,,,,,,
,597O,Pharmaceuticals,Vial,Folinic Acid Injection 5ml ,Others,,,,,,,,,,,,,,,,,,,,,,,
,598O,Pharmaceuticals,Amp,Iron Sucrose Injection 100mg,Others,,,,,,,,,,,,,,,,,,,,,,,
,599O,Pharmaceuticals,Amp,Magnesium Sulphate Injection 10ml ,Others,,,,,,,,,,,,,,,,,,,,,,,
,600O,Pharmaceuticals,Amp,Vitamin K  Phytomenadione Injection ,Others,,,,,,,,,,,,,,,,,,,,,,,
,601O,Pharmaceuticals,Amp,Vitamin K  Phytomenadione  Injection ,Others,,,,,,,,,,,,,,,,,,,,,,,
,602O,Pharmaceuticals,Amp,Vitamins B & C High Potency Injection ,Others,,,,,,,,,,,,,,,,,,,,,,,
,603O,Pharmaceuticals,Amp,Water for Injection 10ml ,Others,,,,,,,,,,,,,,,,,,,,,,,
,604O,Pharmaceuticals,Bottle,Amino-Acid Solution with Vitamins and Electrolytes 500ml,Others,,,,,,,,,,,,,,,,,,,,,,,
,605O,Pharmaceuticals,Bottle,Dextrose Injection  50ml ,Others,,,,,,,,,,,,,,,,,,,,,,,
,606O,Pharmaceuticals,Bottle,Dextrose Solution  1000ml,Others,,,,,,,,,,,,,,,,,,,,,,,
,607O,Pharmaceuticals,Bottle,Dextrose in Normal Saline  1000ml ,Others,,,,,,,,,,,,,,,,,,,,,,,
,608O,Pharmaceuticals,Bottle,Dextrose Solution  500ml ,Others,,,,,,,,,,,,,,,,,,,,,,,
,609O,Pharmaceuticals,Bottle,Dextrose Solution 500ml ,Others,,,,,,,,,,,,,,,,,,,,,,,
,610O,Pharmaceuticals,Bottle,Dextrose in Normal Saline  500ml ,Others,,,,,,,,,,,,,,,,,,,,,,,
,611O,Pharmaceuticals,Bottle,Dextrose Injection  100ml ,Others,,,,,,,,,,,,,,,,,,,,,,,
,612O,Pharmaceuticals,Bottle,Dextrose Solution  500ml ,Others,,,,,,,,,,,,,,,,,,,,,,,
,613O,Pharmaceuticals,Bottle,Magnesium Sulphate Infusion 100ml,Others,,,,,,,,,,,,,,,,,,,,,,,
,614O,Pharmaceuticals,Bottle,Mannitol Solution  500ml ,Others,,,,,,,,,,,,,,,,,,,,,,,
,615O,Pharmaceuticals,Bottle,Sodium Chloride 1000ml ,Others,,,,,,,,,,,,,,,,,,,,,,,
,616O,Pharmaceuticals,Bottle,Sodium Lactate Solution  1000ml ,Others,,,,,,,,,,,,,,,,,,,,,,,
,617O,Pharmaceuticals,Bottle,Sodium Lactate Solution  500ml ,Others,,,,,,,,,,,,,,,,,,,,,,,
,618O,Pharmaceuticals,Bottle,Sodium Chloride  250ml ,Others,,,,,,,,,,,,,,,,,,,,,,,
,619O,Pharmaceuticals,Bottle,Sodium Chloride  500ml ,Others,,,,,,,,,,,,,,,,,,,,,,,
,620O,Pharmaceuticals,Sachet,Polyethylene Glycol/Potassium Chloride/Sodium Bicarbonate/Sodium Chloride/Sodium Sulphate Powder,Others,,,,,,,,,,,,,,,,,,,,,,,
,621O,Pharmaceuticals,Powder,Calcium Hypochlorite  ,Others,,,,,,,,,,,,,,,,,,,,,,,
,622O,Pharmaceuticals,5l,Chlorhexidine Solution ,Others,,,,,,,,,,,,,,,,,,,,,,,
,623O,Pharmaceuticals,5l,Chlorhexidine/Cetrimide Topical Solution ,Others,,,,,,,,,,,,,,,,,,,,,,,
,624O,Pharmaceuticals,5l,Chlorhexidine/Gluconate ,Others,,,,,,,,,,,,,,,,,,,,,,,
,625O,Pharmaceuticals,Piece,Dettol Soap 100g ,Others,,,,,,,,,,,,,,,,,,,,,,,
,626O,Pharmaceuticals,5l,Disinfectant Black Fluid,Others,,,,,,,,,,,,,,,,,,,,,,,
,627O,Pharmaceuticals,5l,Gluteraldehyde Solution ,Others,,,,,,,,,,,,,,,,,,,,,,,
,628O,Pharmaceuticals,5l,Gluteraldehyde Solution,Others,,,,,,,,,,,,,,,,,,,,,,,
,629O,Pharmaceuticals,Bottle,Hand Rub Solution Ethanol 500ml,Others,,,,,,,,,,,,,,,,,,,,,,,
,630O,Pharmaceuticals,Bottle,Hand Sanitizer 100ml ,Others,,,,,,,,,,,,,,,,,,,,,,,
,631O,Pharmaceuticals,Bottle,Hand Sanitizer 500ml ,Others,,,,,,,,,,,,,,,,,,,,,,,
,632O,Pharmaceuticals,Bottle,Hydrogen Peroxide  200ml ,Others,,,,,,,,,,,,,,,,,,,,,,,
,633O,Pharmaceuticals,Litre,Hydrogen Peroxide  ,Others,,,,,,,,,,,,,,,,,,,,,,,
,634O,Pharmaceuticals,Litre,Lysol Solution ,Others,,,,,,,,,,,,,,,,,,,,,,,
,635O,Pharmaceuticals,Litre,Methylated Spirit  ,Others,,,,,,,,,,,,,,,,,,,,,,,
,636O,Pharmaceuticals,Litre,Methylated Spirit  ,Others,,,,,,,,,,,,,,,,,,,,,,,
,637O,Pharmaceuticals,Litre,Methylated Spirit ,Others,,,,,,,,,,,,,,,,,,,,,,,
,638O,Pharmaceuticals,5l,Methylated Spirit ,Others,,,,,,,,,,,,,,,,,,,,,,,
,639O,Pharmaceuticals,Litre,Ortho-Phtaldehyde ,Others,,,,,,,,,,,,,,,,,,,,,,,
,640O,Pharmaceuticals,Tin,Petroleum Jelly  100g,Others,,,,,,,,,,,,,,,,,,,,,,,
,641O,Pharmaceuticals,15kg,Petroleum Jelly  15kg ,Others,,,,,,,,,,,,,,,,,,,,,,,
,642O,Pharmaceuticals,1kg,Petroleum Jelly  1kg ,Others,,,,,,,,,,,,,,,,,,,,,,,
,643O,Pharmaceuticals,Litre,Povidone Iodine Aqueous Solution ,Others,,,,,,,,,,,,,,,,,,,,,,,
,644O,Pharmaceuticals,Bottle,Povidone Iodine Aqueous Solution 500ml ,Others,,,,,,,,,,,,,,,,,,,,,,,
,645O,Pharmaceuticals,Bottle,Soap  Anti-Bacterial Handwash  500ml,Others,,,,,,,,,,,,,,,,,,,,,,,
,646O,Pharmaceuticals,Bottle,Soap Multi-Purpose Detergent 500ml ,Others,,,,,,,,,,,,,,,,,,,,,,,
,647O,Pharmaceuticals,Piece,Soap-Baby 100g ,Others,,,,,,,,,,,,,,,,,,,,,,,
,648O,Pharmaceuticals,Powder,Soap-Laundry 25kg,Others,,,,,,,,,,,,,,,,,,,,,,,
,649O,Pharmaceuticals,Litre,Soap-Liquid Detergent ,Others,,,,,,,,,,,,,,,,,,,,,,,
,650O,Pharmaceuticals,Tablet,Sodium Dichloroisocyanurate  2.5gm,Others,,,,,,,,,,,,,,,,,,,,,,,
,651O,Pharmaceuticals,Litre,Sodium Hypochlorite  ,Others,,,,,,,,,,,,,,,,,,,,,,,
,652O,Pharmaceuticals,Litre,Sodium Hypochlorite ,Others,,,,,,,,,,,,,,,,,,,,,,,
,653O,Pharmaceuticals,Litre,Surgical Spirit ,Others,,,,,,,,,,,,,,,,,,,,,,,
,654O,Pharmaceuticals,Tin,Aqueous Cream 500g ,Others,,,,,,,,,,,,,,,,,,,,,,,
,655O,Pharmaceuticals,Cannister,Povidone Iodine Antiseptic Spray 55gm,Others,,,,,,,,,,,,,,,,,,,,,,,
,656O,Pharmaceuticals,Litre,Ethanol,Others,,,,,,,,,,,,,,,,,,,,,,,
,657O,Pharmaceuticals,Cannister,Opsite Spray 100ml,Others,,,,,,,,,,,,,,,,,,,,,,,
,658O,Pharmaceuticals,Capsule,Vitamin.A .Capsules ,Others,,,,,,,,,,,,,,,,,,,,,,,
