Data Import Template,,,,,,,,,,,,,,,,
Table:,Item,,,,,,,,,,,,,,,
,,,,,,,,,,,,,,,,
,,,,,,,,,,,,,,,,
Notes:,,,,,,,,,,,,,,,,
Please do not change the template headings.,,,,,,,,,,,,,,,,
First data column must be blank.,,,,,,,,,,,,,,,,
"If you are uploading new records, leave the ""name"" (ID) column blank.",,,,,,,,,,,,,,,,
"If you are uploading new records, ""Naming Series"" becomes mandatory, if present.",,,,,,,,,,,,,,,,
Only mandatory fields are necessary for new records. You can delete non-mandatory columns if you wish.,,,,,,,,,,,,,,,,
"For updating, you can update only selective columns.",,,,,,,,,,,,,,,,
You can only upload upto 5000 records in one go. (may be less in some cases),,,,,,,,,,,,,,,,
,,,,,,,,,,,,,,,,
DocType:,Item,,,,~,~,~,~,~,~,~,~,~,Website Item Group,website_item_groups,~
Column Labels:,Item Code,Item Group,Default Unit of Measure,Item Name,,,,,,,,,,Item Group,,
Column Name:,item_code,item_group,stock_uom,item_name,~,~,~,~,~,~,~,~,~,item_group,~,~
Mandatory:,Yes,Yes,Yes,No,,,,,,,,,,Yes,,
Type:,Data,Link,Link,Data,,,,,,,,,,Link,,
Info:,,Valid Item Group,Valid UOM,,,,,,,,,,,Valid Item Group,,
Start entering data below this line,,,,,,,,,,,,,,,,
,1A,Pharmaceuticals,Tablet,Albendazole Chewable tablets,,,,,,,,,,,,
,2A,Pharmaceuticals,Tablet,Aminosidine ,,,,,,,,,,,,
,3A,Pharmaceuticals,Capsule,Amoxycillin,,,,,,,,,,,,
,4A,Pharmaceuticals,Capsule,Amoxycillin ,,,,,,,,,,,,
,5A,Pharmaceuticals,Tablet,Amoxycillin/Clavulanic Acid ,,,,,,,,,,,,
,6A,Pharmaceuticals,Tablet,Amoxycillin/Clavulanic Acid ,,,,,,,,,,,,
,7A,Pharmaceuticals,Tablet,Amoxycillin Dispersible Scored Tablets,,,,,,,,,,,,
,8A,Pharmaceuticals,Tablet,Amoxycillin/Clavulante Dispersible Tablets ,,,,,,,,,,,,
,9A,Pharmaceuticals,Tablet,Amoxycillin Dispersible Scored Tabs ,,,,,,,,,,,,
,10A,Pharmaceuticals,Tablet,Amoxicillin/Clavulanic Acid Tablets 1Gm ,,,,,,,,,,,,
,11A,Pharmaceuticals,Capsule,Ampicillin/Cloxacillin ,,,,,,,,,,,,
,12A,Pharmaceuticals,Tablet,Artemether/Lumefantrine,,,,,,,,,,,,
,13A,Pharmaceuticals,Tablet,Artemether/Lumefantrine Dispersible Tablets,,,,,,,,,,,,
,14A,Pharmaceuticals,Tablet,Artemether + Lumefantrine ,,,,,,,,,,,,
,15A,Pharmaceuticals,Pack of 3,Azithromycin ,,,,,,,,,,,,
,16A,Pharmaceuticals,Pack of 6,Azithromycin ,,,,,,,,,,,,
,17A,Pharmaceuticals,Tablet,Cefuroxime ,,,,,,,,,,,,
,18A,Pharmaceuticals,Tablet,Cefuroxime ,,,,,,,,,,,,
,19A,Pharmaceuticals,Tablet,Cefixime ,,,,,,,,,,,,
,20A,Pharmaceuticals,Tablet,Cefixime ,,,,,,,,,,,,
,21A,Pharmaceuticals,Capsule,Cephalexin ,,,,,,,,,,,,
,22A,Pharmaceuticals,Capsule,Cephalexin ,,,,,,,,,,,,
,23A,Pharmaceuticals,Tablet,Ciprofloxacin ,,,,,,,,,,,,
,24A,Pharmaceuticals,Tablet,Ciprofloxacin ,,,,,,,,,,,,
,25A,Pharmaceuticals,Tablet,Clarithromycin ,,,,,,,,,,,,
,26A,Pharmaceuticals,Capsule,Clindamycin,,,,,,,,,,,,
,27A,Pharmaceuticals,Capsule,Clindamycin ,,,,,,,,,,,,
,28A,Pharmaceuticals,Capsule,Cloxacillin ,,,,,,,,,,,,
,29A,Pharmaceuticals,Tablet,Co-Trimoxazole,,,,,,,,,,,,
,30A,Pharmaceuticals,Tablet,Co-Trimoxazole Paediatric Tablets,,,,,,,,,,,,
,31A,Pharmaceuticals,Tablet,Co-Trimoxazole ,,,,,,,,,,,,
,32A,Pharmaceuticals,Tablet,Dihydroartemisinin/Piperaquine,,,,,,,,,,,,
,33A,Pharmaceuticals,Tablet,Dihydroartemisinin/Piperaquine ,,,,,,,,,,,,
,34A,Pharmaceuticals,Tablet,Diloxanide Furoate/Metronidazole ,,,,,,,,,,,,
,35A,Pharmaceuticals,Capsule,Doxycycline ,,,,,,,,,,,,
,36A,Pharmaceuticals,Tablet,Erythromycin ,,,,,,,,,,,,
,37A,Pharmaceuticals,Tablet,Erythromycin ,,,,,,,,,,,,
,38A,Pharmaceuticals,Tablet,Fluconazole ,,,,,,,,,,,,
,39A,Pharmaceuticals,Tablet,Fluconazole ,,,,,,,,,,,,
,40A,Pharmaceuticals,Capsule,Flucloxacilin ,,,,,,,,,,,,
,41A,Pharmaceuticals,Capsule,Flucloxacilin ,,,,,,,,,,,,
,42A,Pharmaceuticals,Tablet,Griseofulvin ,,,,,,,,,,,,
,43A,Pharmaceuticals,Tablet,Griseofulvin ,,,,,,,,,,,,
,44A,Pharmaceuticals,Tablet,Griseofulvin,,,,,,,,,,,,
,45A,Pharmaceuticals,Kit,Esomeprazole/Clarithromycin/Amoxycillin ,,,,,,,,,,,,
,46A,Pharmaceuticals,Tablet,Hydroxychloroquine ,,,,,,,,,,,,
,47A,Pharmaceuticals,Tablet,Levofloxacin ,,,,,,,,,,,,
,48A,Pharmaceuticals,Tablet,Mebendazole ,,,,,,,,,,,,
,49A,Pharmaceuticals,Tablet,Mebendazole ,,,,,,,,,,,,
,50A,Pharmaceuticals,Tablet,Metronidazole ,,,,,,,,,,,,
,51A,Pharmaceuticals,Tablet,Metronidazole ,,,,,,,,,,,,
,52A,Pharmaceuticals,Tablet,Nalidixic Acid ,,,,,,,,,,,,
,53A,Pharmaceuticals,Tablet,Nitrofurantoin ,,,,,,,,,,,,
,54A,Pharmaceuticals,Tablet,Norfloxacin ,,,,,,,,,,,,
,55A,Pharmaceuticals,Tablet,Penicillin V.,,,,,,,,,,,,
,56A,Pharmaceuticals,Tablet,Praziquantel ,,,,,,,,,,,,
,57A,Pharmaceuticals,Tablet,Amoxycillin Dispersible Tablets 250Mg ,,,,,,,,,,,,
,58A,Pharmaceuticals,Tablet,Quinine ,,,,,,,,,,,,
,59A,Pharmaceuticals,Tablet,Secnidazole Tablets ,,,,,,,,,,,,
,60A,Pharmaceuticals,Tablet,Secnidazole Tablets ,,,,,,,,,,,,
,61A,Pharmaceuticals,Tablet,Sulfadoxine/Pyrimethamine ,,,,,,,,,,,,
,62A,Pharmaceuticals,Tablet,Terbinafine ,,,,,,,,,,,,
,63A,Pharmaceuticals,Tablet,Tinidazole ,,,,,,,,,,,,
,64A,Pharmaceuticals,Bottle,Albendazole Suspension  20ml,,,,,,,,,,,,
,65A,Pharmaceuticals,Bottle,Albendazole Suspension 10Ml,,,,,,,,,,,,
,66A,Pharmaceuticals,Bottle,Aminosidine Syrup  60ml,,,,,,,,,,,,
,67A,Pharmaceuticals,Bottle,Amoxycillin Trihydrate Powder for Suspension  100ml ,,,,,,,,,,,,
,68A,Pharmaceuticals,Bottle,Amoxycillin/Clavulanic Acid Powder for Suspension 100ml,,,,,,,,,,,,
,69A,Pharmaceuticals,Bottle,Amoxycillin/Clavulanic Acid Powder for Suspension 70ml ,,,,,,,,,,,,
,70A,Pharmaceuticals,Bottle,Amoxycillin Dry Powder for Suspension  100ml ,,,,,,,,,,,,
,71A,Pharmaceuticals,Bottle,Amoxycillin/Clavulanic Acid Powder for Suspension  70ml ,,,,,,,,,,,,
,72A,Pharmaceuticals,Bottle,Ampicillin/Cloxacillin  Drops 8ml,,,,,,,,,,,,
,73A,Pharmaceuticals,Bottle,Azithromycin Powder for Suspension  15ml ,,,,,,,,,,,,
,74A,Pharmaceuticals,Bottle,Cefadroxil  Suspension 100Ml,,,,,,,,,,,,
,75A,Pharmaceuticals,Bottle,Cefadroxil  Suspension 100Ml,,,,,,,,,,,,
,76A,Pharmaceuticals,Bottle,Cefuroxime Powder for Suspension  70ml,,,,,,,,,,,,
,77A,Pharmaceuticals,Bottle,Cefuroxime Powder for Suspension 50ml,,,,,,,,,,,,
,78A,Pharmaceuticals,Bottle,Cefixime Powder for Suspension  50ml,,,,,,,,,,,,
,79A,Pharmaceuticals,Bottle,Cephalexin Powder for Suspension  100ml,,,,,,,,,,,,
,80A,Pharmaceuticals,Bottle,Chloramphenicol Powder for Suspension 100ml ,,,,,,,,,,,,
,81A,Pharmaceuticals,Bottle,Clarithromycin Powder for Suspension  70ml ,,,,,,,,,,,,
,82A,Pharmaceuticals,Bottle,Cloxacillin Powder for Suspension  100ml ,,,,,,,,,,,,
,83A,Pharmaceuticals,Bottle,Co-Trimoxazole Suspension  50ml,,,,,,,,,,,,
,84A,Pharmaceuticals,Tablet,Co-Trimoxazole Suspension 100ml ,,,,,,,,,,,,
,85A,Pharmaceuticals,Bottle,Dihydroartemesinin/Piperaquin Suspension 80Ml,,,,,,,,,,,,
,86A,Pharmaceuticals,Bottle,Erythromycin Dry Powder for Suspension  100ml ,,,,,,,,,,,,
,87A,Pharmaceuticals,Bottle,Flucloxacillin Dry Powder for Suspension100ml ,,,,,,,,,,,,
,88A,Pharmaceuticals,Bottle,Fluconazole Dry Powder for Suspension 35ml ,,,,,,,,,,,,
,89A,Pharmaceuticals,Bottle,Mebendazole Syrup ,,,,,,,,,,,,
,90A,Pharmaceuticals,Bottle,Metronidazole Suspension   100ml,,,,,,,,,,,,
,91A,Pharmaceuticals,Bottle,Metronidazole / Diloxanide Furoate Suspension 100ml ,,,,,,,,,,,,
,92A,Pharmaceuticals,Bottle,Metronidazole Suspension 100 ml,,,,,,,,,,,,
,93A,Pharmaceuticals,Bottle,Phenoxymethylpenicillin-Penicillin V. Powder For Suspension  100ml,,,,,,,,,,,,
,94A,Pharmaceuticals,Amp,Amikacin Injection 2ml Ampoule,,,,,,,,,,,,
,95A,Pharmaceuticals,Amp,Aminophylin Injection 10ml Ampoule ,,,,,,,,,,,,
,96A,Pharmaceuticals,Vial,Amoxycillin/Clavulanic Acid Injection ,,,,,,,,,,,,
,97A,Pharmaceuticals,Amp,Ampicillin Injection,,,,,,,,,,,,
,98A,Pharmaceuticals,Vial,Amphotericin B I.V. Injection,,,,,,,,,,,,
,99A,Pharmaceuticals,Amp,Artemether Injection 1ml ,,,,,,,,,,,,
,100A,Pharmaceuticals,Vial,Artesunate Iv Injection ,,,,,,,,,,,,
,101A,Pharmaceuticals,Amp,Artemether Injection  1ml ,,,,,,,,,,,,
,102A,Pharmaceuticals,Amp,Artemether Injection 1ml ,,,,,,,,,,,,
,103A,Pharmaceuticals,Amp,Atracurium Besilate Injection 5ml ,,,,,,,,,,,,
,104A,Pharmaceuticals,Vial,Azithromycin Injection 10ml,,,,,,,,,,,,
,105A,Pharmaceuticals,Vial,Bleomycin Injection,,,,,,,,,,,,
,106A,Pharmaceuticals,Vial,Ceftriaxone Injection  ,,,,,,,,,,,,
,107A,Pharmaceuticals,Vial,Ceftriaxone Injection IV/IM ,,,,,,,,,,,,
,108A,Pharmaceuticals,Vial,Ceftriaxone Injection IV/IM,,,,,,,,,,,,
,109A,Pharmaceuticals,Vial,Cefuroxime Injection,,,,,,,,,,,,
,110A,Pharmaceuticals,Vial,Ceftazidime Injection,,,,,,,,,,,,
,111A,Pharmaceuticals,Vial,Ceftriaxone Injection IV,,,,,,,,,,,,
,112A,Pharmaceuticals,Vial,Ceftazidime Injection,,,,,,,,,,,,
,113A,Pharmaceuticals,Vial,Chloramphenicol Injection,,,,,,,,,,,,
,114A,Pharmaceuticals,Amp,Clindamycin Phosphate Inj 2ml,,,,,,,,,,,,
,115A,Pharmaceuticals,Bottle,Fluconazole Injection 100ml ,,,,,,,,,,,,
,116A,Pharmaceuticals,Vial,Flucloxacillin Injection ,,,,,,,,,,,,
,117A,Pharmaceuticals,Amp,Gentamycin Sulphate Injection 2ml ,,,,,,,,,,,,
,118A,Pharmaceuticals,Amp,Gentamycin Sulphate Injection 2ml ,,,,,,,,,,,,
,119A,Pharmaceuticals,Amp,Gentamycin Sulphate Injection 2Ml,,,,,,,,,,,,
,120A,Pharmaceuticals,Bottle,Levofloxacin Injection 100ml ,,,,,,,,,,,,
,121A,Pharmaceuticals,Vial,Meropenem Injection ,,,,,,,,,,,,
,122A,Pharmaceuticals,Bottle,Metronidazole Injection 100ml ,,,,,,,,,,,,
,123A,Pharmaceuticals,Vial,Benzathine Penicillin Injection,,,,,,,,,,,,
,124A,Pharmaceuticals,Vial,Benzyl Penicillin Injection,,,,,,,,,,,,
,125A,Pharmaceuticals,Vial,Benzyl Penicillin Injection,,,,,,,,,,,,
,126A,Pharmaceuticals,Vial,Penicillin Procaine Fortified  Injection ,,,,,,,,,,,,
,127A,Pharmaceuticals,Vial,Benzathine Procaine Penicillin Triple Injection 6:3:3,,,,,,,,,,,,
,128A,Pharmaceuticals,Amp,Quinine Injection 2ml ,,,,,,,,,,,,
,129A,Pharmaceuticals,Bottle,Amoxycillin/Clavulanic Acid Powder For Suspension 70ml,,,,,,,,,,,,
,130A,Pharmaceuticals,Tablet,Amoxycillin  250mg,,,,,,,,,,,,
,131A,Pharmaceuticals,Bottle,Amoxycillin-Clavulanate  Susp  70ml ,,,,,,,,,,,,
,132A,Pharmaceuticals,Capsule,Amoxycillin+Flucloxacillin  500mg ,,,,,,,,,,,,
,133A,Pharmaceuticals,Bottle,Amoxycillin+Flucloxacillin  Susp 5ml,,,,,,,,,,,,
,134A,Pharmaceuticals,Bottle,Artemether /Lumefantrine Syrup 60ml,,,,,,,,,,,,
,135A,Pharmaceuticals,Tablet,Artemether + Lumefantrine ,,,,,,,,,,,,
,136A,Pharmaceuticals,Tablet,Amoxycillin +Clavulanic acid   ,,,,,,,,,,,,
,137A,Pharmaceuticals,Capsule,Cefixime  Caps 200mg,,,,,,,,,,,,
,138A,Pharmaceuticals,Bottle,Cefadroxil  Susp 60ml,,,,,,,,,,,,
,139A,Pharmaceuticals,Tablet,Ketoconazole Tabs ,,,,,,,,,,,,
,140A,Pharmaceuticals,Bottle,Metronidazole Syrup  60ml,,,,,,,,,,,,
,141A,Pharmaceuticals,Tablet,Nystatin Pessaries ,,,,,,,,,,,,
,142A,Pharmaceuticals,Vial,Ceftriaxone Injection 1.5gm,,,,,,,,,,,,
,143A,Pharmaceuticals,Tablet,Cefixime 400mg ,,,,,,,,,,,,
,144A,Pharmaceuticals,Vial,Ceftriaxone Injectin 1gm ,,,,,,,,,,,,
,145A,Pharmaceuticals,Tube,Gentamycin/Clotrimazole/Betamethasone Valerate Cream  20gm,,,,,,,,,,,,
,146C,Pharmaceuticals,Tablet,Magnesium Trisilicate/Aluminium Hydroxide Tablets ,,,,,,,,,,,,
,147C,Pharmaceuticals,Tablet,Aluminium Hydroxide 400Mg/Magnesium Hydroxide 400Mg /Simethicone 20Mg Tablets ,,,,,,,,,,,,
,148C,Pharmaceuticals,Tablet,Aspirin,,,,,,,,,,,,
,149C,Pharmaceuticals,Tablet,Aspirin  ,,,,,,,,,,,,
,150C,Pharmaceuticals,Tablet,Celecoxib ,,,,,,,,,,,,
,151C,Pharmaceuticals,Capsule,Celecoxib ,,,,,,,,,,,,
,152C,Pharmaceuticals,Tablet,Cetirizine Hydrochloride ,,,,,,,,,,,,
,153C,Pharmaceuticals,PFOL ,Charcoal ,,,,,,,,,,,,
,154C,Pharmaceuticals,Tablet,Chlorpheniramine ,,,,,,,,,,,,
,155C,Pharmaceuticals,Tablet,Desloratidine ,,,,,,,,,,,,
,156C,Pharmaceuticals,Tablet,Diclofenac/Paracetamol/ Chlorzoxanone ,,,,,,,,,,,,
,157C,Pharmaceuticals,Tablet,Doxylamine Succinate/Pyridoxine ,,,,,,,,,,,,
,158C,Pharmaceuticals,Tablet,Ebastine ,,,,,,,,,,,,
,159C,Pharmaceuticals,Tablet,Etoricoxib  ,,,,,,,,,,,,
,160C,Pharmaceuticals,Tablet,Etoricoxib ,,,,,,,,,,,,
,161C,Pharmaceuticals,Tablet,Hyoscine Butylbromide ,,,,,,,,,,,,
,162C,Pharmaceuticals,Tablet,Hyoscine Butyl Bromide+ Paracetamol ,,,,,,,,,,,,
,163C,Pharmaceuticals,Tablet,Ibuprofen ,,,,,,,,,,,,
,164C,Pharmaceuticals,Tablet,Ibuprofen,,,,,,,,,,,,
,165C,Pharmaceuticals,Tablet,Ibuprofen/Paracetamol,,,,,,,,,,,,
,166C,Pharmaceuticals,Capsule,Indomethacin ,,,,,,,,,,,,
,167C,Pharmaceuticals,Capsule,Loperamide ,,,,,,,,,,,,
,168C,Pharmaceuticals,Tablet,Meclizine / Caffeine ,,,,,,,,,,,,
,169C,Pharmaceuticals,Capsule,Mefenamic Acid ,,,,,,,,,,,,
,170C,Pharmaceuticals,Tablet,Mefenamic Acid ,,,,,,,,,,,,
,171C,Pharmaceuticals,Tablet,Meloxicam ,,,,,,,,,,,,
,172C,Pharmaceuticals,Tablet,Meloxicam ,,,,,,,,,,,,
,173C,Pharmaceuticals,Tablet,Metoclopramide,,,,,,,,,,,,
,174C,Pharmaceuticals,Tablet,Morphine,,,,,,,,,,,,
,175C,Pharmaceuticals,Tablet,Morphine ,,,,,,,,,,,,
,176C,Pharmaceuticals,Capsule,Morphine ,,,,,,,,,,,,
,177C,Pharmaceuticals,Tablet,Paracetamol ,,,,,,,,,,,,
,178C,Pharmaceuticals,Tablet,Paracetamol Junior ,,,,,,,,,,,,
,179C,Pharmaceuticals,Tablet,Prednisolone,,,,,,,,,,,,
,180C,Pharmaceuticals,Tablet,Promethazine ,,,,,,,,,,,,
,181C,Pharmaceuticals,Capsule,Tramadol,,,,,,,,,,,,
,182C,Pharmaceuticals,Litre,Antacid Mixture,,,,,,,,,,,,
,183C,Pharmaceuticals,Tablet,Aluminium Hydroxide Magnesium Hydroxide Simethicone Gel 180ml,,,,,,,,,,,,
,184C,Pharmaceuticals,Bottle,Antacid/Antiflatulant Suspension 200ml,,,,,,,,,,,,
,185C,Pharmaceuticals,Bottle,Cetirizine Hydrochloride Syrup  60ml,,,,,,,,,,,,
,186C,Pharmaceuticals,Bottle,Cetirizine Hydrochloride Syrup 30ml ,,,,,,,,,,,,
,187C,Pharmaceuticals,Bottle,Chlorpheniramine Syrup ,,,,,,,,,,,,
,188C,Pharmaceuticals,Bottle,Chlorpheniramine Syrup  60ml ,,,,,,,,,,,,
,189C,Pharmaceuticals,Bottle,Desloratidine Syrup 50ml ,,,,,,,,,,,,
,190C,Pharmaceuticals,Bottle,Diclofenac Potassium Drops 15ml,,,,,,,,,,,,
,191C,Pharmaceuticals,Bottle,Disodium Hydrogen Citrate Syrup 100ml,,,,,,,,,,,,
,192C,Pharmaceuticals,Bottle,Domperidone Suspension  100ml,,,,,,,,,,,,
,193C,Pharmaceuticals,Bottle,Hyoscine Butylbromide Syrup  60ml,,,,,,,,,,,,
,194C,Pharmaceuticals,Bottle,Ibuprofen Suspension 100ml ,,,,,,,,,,,,
,195C,Pharmaceuticals,Bottle,Ibuprofen/Paracetamol Suspension 100ml,,,,,,,,,,,,
,196C,Pharmaceuticals,Sachet,Oral Rehydration Salts  for 500ml ,,,,,,,,,,,,
,197C,Pharmaceuticals,Pack,Oral Rehydration Salt + Zinc Tablets ,,,,,,,,,,,,
,198C,Pharmaceuticals,Bottle,Paracetamol Suspension ,,,,,,,,,,,,
,199C,Pharmaceuticals,Bottle,Prednisolone Syrup 50ml ,,,,,,,,,,,,
,200C,Pharmaceuticals,Bottle,Promethazine Syrup 60ml,,,,,,,,,,,,
,201C,Pharmaceuticals,Amp,Betamethasone Sodium Phosphate /Betamethasone Dipropionate/Injection 2ml ,,,,,,,,,,,,
,202C,Pharmaceuticals,Amp,Chlorpheniramine Maleate Injection 1ml ,,,,,,,,,,,,
,203C,Pharmaceuticals,Amp,Dexamethasone Sodium Phosphate Injection 1ml,,,,,,,,,,,,
,204C,Pharmaceuticals,Amp,Diclofenac Injection 1ml,,,,,,,,,,,,
,205C,Pharmaceuticals,Amp,Hyoscine Butylbromide Injection 1ml ,,,,,,,,,,,,
,206C,Pharmaceuticals,Amp,Metoclopramide Injection  2ml ,,,,,,,,,,,,
,207C,Pharmaceuticals,Amp,Ondansetron HCL Injection  4ml ,,,,,,,,,,,,
,208C,Pharmaceuticals,Amp,Oxytocin Inj  ,,,,,,,,,,,,
,209C,Pharmaceuticals,Vial,Paracetamol Injection 100ml ,,,,,,,,,,,,
,210C,Pharmaceuticals,Vial,Paracetamol Injection  2ml ,,,,,,,,,,,,
,211C,Pharmaceuticals,Amp,Promethazine Injection  2ml ,,,,,,,,,,,,
,212C,Pharmaceuticals,Amp,Tramadol Injection  2ml ,,,,,,,,,,,,
,213C,Pharmaceuticals,Tablet,Aceclofenac + Paracetamol+Chlorzoxazone  500mg ,,,,,,,,,,,,
,214C,Pharmaceuticals,Tablet,Aceclofenac + Paracetamol+Chlorzoxazone  375mg ,,,,,,,,,,,,
,215C,Pharmaceuticals,Tablet,Aceclofenac + Paracetamol  Tablets 100/500mg ,,,,,,,,,,,,
,216C,Pharmaceuticals,Bottle,Ambroxal Syrup ,,,,,,,,,,,,
,217C,Pharmaceuticals,Tin,Antihistamine Cream 15gm,,,,,,,,,,,,
,218C,Pharmaceuticals,Tablet,Throat Lozenges ,,,,,,,,,,,,
,219C,Pharmaceuticals,Bottle,Antacid  Suspension 200ml ,,,,,,,,,,,,
,220C,Pharmaceuticals,Vial,Acetyl Salicylic Acid  Injection 0.5gm  ,,,,,,,,,,,,
,221C,Pharmaceuticals,Capsule,Cold and Flu reliever  Capsules 500/Pck,,,,,,,,,,,,
,222C,Pharmaceuticals,Bottle,Cough Expectorant 100ml,,,,,,,,,,,,
,223C,Pharmaceuticals,Bottle,Cough Suppressant 100 Ml,,,,,,,,,,,,
,224C,Pharmaceuticals,Bottle,Cough Syrup  100 Ml,,,,,,,,,,,,
,225C,Pharmaceuticals,Bottle,Dicyclomine/Paracetamol 30ml,,,,,,,,,,,,
,226C,Pharmaceuticals,Tube,Deep Heat Ointment 15gm,,,,,,,,,,,,
,227C,Pharmaceuticals,Bottle,Deep Heat Spray 150ml,,,,,,,,,,,,
,228C,Pharmaceuticals,Tube,Deep Heat Ointment 35gm,,,,,,,,,,,,
,229C,Pharmaceuticals,Bottle,Ephedrine Nasal Drops,,,,,,,,,,,,
,230C,Pharmaceuticals,Bottle,Ephedrine Nasal Drops ,,,,,,,,,,,,
,231C,Pharmaceuticals,Sachet,Floranorm Sachets,,,,,,,,,,,,
,232C,Pharmaceuticals,Tablet,Loratidine 10mg ,,,,,,,,,,,,
,233C,Pharmaceuticals,Tablet,Myospaz,,,,,,,,,,,,
,234C,Pharmaceuticals,Bottle,Neopeptine Rb Drops 15ml,,,,,,,,,,,,
,235C,Pharmaceuticals,Capsule,Neopeptine Capsules ,,,,,,,,,,,,
,236C,Pharmaceuticals,Bottle, Appetite Stimulant Elixir 150ml,,,,,,,,,,,,
,237C,Pharmaceuticals,Bottle,Paracetamol Syrup 100ml,,,,,,,,,,,,
,238C,Pharmaceuticals,Tablet,Paracetamol SR Tablets 1g,,,,,,,,,,,,
,239C,Pharmaceuticals,Bottle,Appetite Stimulant Syrup 100ml,,,,,,,,,,,,
,241S,Pharmaceuticals,Bottle,Acetazolamide,,,,,,,,,,,,
,242S,Pharmaceuticals,Tablet,Acyclovir,,,,,,,,,,,,
,243C,Pharmaceuticals,Tablet,Acyclovir ,,,,,,,,,,,,
,244S,Pharmaceuticals,Tablet,Amitriptyline Hydrochloride ,,,,,,,,,,,,
,245S,Pharmaceuticals,Tablet,Amlodipine Besylate ,,,,,,,,,,,,
,246S,Pharmaceuticals,Tablet,Amlodipine/Valsartan ,,,,,,,,,,,,
,247S,Pharmaceuticals,Tablet,Amlodipine Besylate ,,,,,,,,,,,,
,248S,Pharmaceuticals,Tablet,Atenolol ,,,,,,,,,,,,
,249S,Pharmaceuticals,Tablet,Atorvastatin ,,,,,,,,,,,,
,250S,Pharmaceuticals,Tablet,Atorvastatin ,,,,,,,,,,,,
,251S,Pharmaceuticals,Tablet,Benzhexol Hydrochloride ,,,,,,,,,,,,
,252S,Pharmaceuticals,Tablet,Bromocriptine ,,,,,,,,,,,,
,253S,Pharmaceuticals,Tablet,Bromazepam  Scored  Tablets ,,,,,,,,,,,,
,254S,Pharmaceuticals,Tablet,Carbamazepine ,,,,,,,,,,,,
,255S,Pharmaceuticals,Tablet,Carvedilol ,,,,,,,,,,,,
,256S,Pharmaceuticals,Tablet,Carbimazole Scored Tablets,,,,,,,,,,,,
,257S,Pharmaceuticals,Tablet,Carvedilol ,,,,,,,,,,,,
,258S,Pharmaceuticals,Tablet,Carvedilol ,,,,,,,,,,,,
,259S,Pharmaceuticals,Tablet,Chlorpromazine Hydrochloride ,,,,,,,,,,,,
,260S,Pharmaceuticals,Tablet,Chlorpromazine Hydrochloride ,,,,,,,,,,,,
,261S,Pharmaceuticals,Tablet,Lansoprazole/Amoxycillin/Clarithromycin,,,,,,,,,,,,
,262S,Pharmaceuticals,Tablet,Clomiphene ,,,,,,,,,,,,
,263S,Pharmaceuticals,Tablet,Clopidogrel ,,,,,,,,,,,,
,264S,Pharmaceuticals,Tablet,Clopidogrel/Aspirin ,,,,,,,,,,,,
,265S,Pharmaceuticals,Tablet,Codeine Phosphate,,,,,,,,,,,,
,266S,Pharmaceuticals,Tablet,Diazepam ,,,,,,,,,,,,
,267S,Pharmaceuticals,Tablet,Diethylstilboestrol,,,,,,,,,,,,
,268S,Pharmaceuticals,Tablet,Digoxin Tablets  ,,,,,,,,,,,,
,269S,Pharmaceuticals,Tablet,Dihydrocodeine ,,,,,,,,,,,,
,270S,Pharmaceuticals,Tablet,Domperidone ,,,,,,,,,,,,
,271S,Pharmaceuticals,Tablet,Dydrogesterone ,,,,,,,,,,,,
,272S,Pharmaceuticals,Tablet,Enalapril                        ,,,,,,,,,,,,
,273S,Pharmaceuticals,Tablet,Enalapril                                ,,,,,,,,,,,,
,274S,Pharmaceuticals,Tablet,Etamysylate,,,,,,,,,,,,
,275S,Pharmaceuticals,Tablet,Finasteride ,,,,,,,,,,,,
,276S,Pharmaceuticals,Tablet,Fluoxetine Hydrochloride ,,,,,,,,,,,,
,277S,Pharmaceuticals,Capsule,Frusemide,,,,,,,,,,,,
,278S,Pharmaceuticals,Tablet,Gabapentin ,,,,,,,,,,,,
,279S,Pharmaceuticals,Capsule,Glibenclamide,,,,,,,,,,,,
,280S,Pharmaceuticals,Tablet,Gliclazide ,,,,,,,,,,,,
,281S,Pharmaceuticals,Tablet,Haloperidol ,,,,,,,,,,,,
,282S,Pharmaceuticals,Tablet,Haloperidol ,,,,,,,,,,,,
,283S,Pharmaceuticals,Tablet,Haloperidol ,,,,,,,,,,,,
,284S,Pharmaceuticals,Tablet,Hydralazine ,,,,,,,,,,,,
,285S,Pharmaceuticals,Tablet,Hydrochlorthiazide ,,,,,,,,,,,,
,286S,Pharmaceuticals,Tablet,Hydroxycarbamide,,,,,,,,,,,,
,287S,Pharmaceuticals,Capsule,Hydrochlorthiazide,,,,,,,,,,,,
,288S,Pharmaceuticals,Tablet,Isosorbide Dinitrate ,,,,,,,,,,,,
,289S,Pharmaceuticals,Tablet,Labetalol ,,,,,,,,,,,,
,290S,Pharmaceuticals,Tablet,Lansoprazole Dispersible Tablets,,,,,,,,,,,,
,291S,Pharmaceuticals,Tablet,Levothyroxine ,,,,,,,,,,,,
,292S,Pharmaceuticals,Tablet,Losartan/Hydrochlorthiazide ,,,,,,,,,,,,
,293S,Pharmaceuticals,Tablet,Losartan ,,,,,,,,,,,,
,294S,Pharmaceuticals,Tablet,Methyldopa ,,,,,,,,,,,,
,295S,Pharmaceuticals,Tablet,Metformin ,,,,,,,,,,,,
,296S,Pharmaceuticals,Tablet,Methyldopa ,,,,,,,,,,,,
,297S,Pharmaceuticals,Tablet,Metformin ,,,,,,,,,,,,
,298S,Pharmaceuticals,Tablet,Metolazone ,,,,,,,,,,,,
,299S,Pharmaceuticals,Tablet,Methotrexate,,,,,,,,,,,,
,300S,Pharmaceuticals,Tablet,Metformin ,,,,,,,,,,,,
,301S,Pharmaceuticals,Tablet,Metformin+Glibenclaminde ,,,,,,,,,,,,
,302S,Pharmaceuticals,Tablet,Misoprostol ,,,,,,,,,,,,
,303S,Pharmaceuticals,Tablet,Montelukast Sodium ,,,,,,,,,,,,
,304S,Pharmaceuticals,Tablet,Montelukast ,,,,,,,,,,,,
,305S,Pharmaceuticals,Sachet,Montelukast/Levocetrizine ,,,,,,,,,,,,
,306S,Pharmaceuticals,Tablet,Nifedipine Retard ,,,,,,,,,,,,
,307S,Pharmaceuticals,Tablet,Norethisterone ,,,,,,,,,,,,
,308S,Pharmaceuticals,Tablet,Olanzapine ,,,,,,,,,,,,
,309S,Pharmaceuticals,Tablet,Olanzapine ,,,,,,,,,,,,
,310S,Pharmaceuticals,Tablet,Omeprazole,,,,,,,,,,,,
,311S,Pharmaceuticals,Capsule,Paracetamol/Codeine/Caffeine/Doxylamine ,,,,,,,,,,,,
,312S,Pharmaceuticals,Tablet,Phenobarbitone ,,,,,,,,,,,,
,313S,Pharmaceuticals,Tablet,Phenytoin Sodium,,,,,,,,,,,,
,314S,Pharmaceuticals,Capsule,Pioglitazone ,,,,,,,,,,,,
,315S,Pharmaceuticals,Tablet,Metformin Tablets 500mg ,,,,,,,,,,,,
,316S,Pharmaceuticals,Tablet,Metformin Tablets XR 500mg,,,,,,,,,,,,
,317S,Pharmaceuticals,Tablet,Metrormin Tablets 850mg ,,,,,,,,,,,,
,318S,Pharmaceuticals,Tablet,Metrormin Tablets 1000mg ,,,,,,,,,,,,
,319S,Pharmaceuticals,Tablet,Metformin/Glibenclamide Tablets ,,,,,,,,,,,,
,320S,Pharmaceuticals,Tablet,Bisoprolol/ Hydrochlorothiazide ,,,,,,,,,,,,
,321S,Pharmaceuticals,Tablet,Bisoprolol/ Hydrochlorothiazide ,,,,,,,,,,,,
,322S,Pharmaceuticals,Tablet,Bisoprolol/ Hydrochlorothiazide ,,,,,,,,,,,,
,323S,Pharmaceuticals,Tablet,Bisoprolol 5mg  ,,,,,,,,,,,,
,324S,Pharmaceuticals,Tablet,Bisoprolol 10mg ,,,,,,,,,,,,
,325S,Pharmaceuticals,Tablet,Levothyroxine Tablets 50mcg,,,,,,,,,,,,
,326S,Pharmaceuticals,Tablet,Levothyroxine Tablets 25mcg ,,,,,,,,,,,,
,327S,Pharmaceuticals,Tablet,Levothyroxine Tablets 100mcg,,,,,,,,,,,,
,328S,Pharmaceuticals,Tablet,Metformin/Glibenclamide  ,,,,,,,,,,,,
,329S,Pharmaceuticals,Tablet,Letrozole ,,,,,,,,,,,,
,330S,Pharmaceuticals,Tablet,Glimepiride 1Mg ,,,,,,,,,,,,
,331S,Pharmaceuticals,Tablet,Glimepiride 2Mg ,,,,,,,,,,,,
,332S,Pharmaceuticals,Tablet,Glimepiride 4Mg ,,,,,,,,,,,,
,333S,Pharmaceuticals,Tablet,Valsartan 80Mg ,,,,,,,,,,,,
,334S,Pharmaceuticals,Tablet,Valsartan 160Mg ,,,,,,,,,,,,
,335S,Pharmaceuticals,Tablet,Vildagliptin 50Mg ,,,,,,,,,,,,
,336S,Pharmaceuticals,Tablet,Amlodipine 5Mg Tabs 30 Pck,,,,,,,,,,,,
,337S,Pharmaceuticals,Tablet,Metformin Tabs 1gm,,,,,,,,,,,,
,339S,Pharmaceuticals,Tablet,Tamoxifen Tabs 20Mg ,,,,,,,,,,,,
,340S,Pharmaceuticals,Tablet,Plendil Tablets 5mg ,,,,,,,,,,,,
,341S,Pharmaceuticals,Tablet,Plendil Tablets 10mg ,,,,,,,,,,,,
,342S,Pharmaceuticals,Tablet,Zestoretic tablets ,,,,,,,,,,,,
,343S,Pharmaceuticals,Tablet,Zestril Tablets 5mg ,,,,,,,,,,,,
,344S,Pharmaceuticals,Tablet,Zestril Tablets 10mg ,,,,,,,,,,,,
,345S,Pharmaceuticals,Powder,Activated Charcoal Powder,,,,,,,,,,,,
,346S,Pharmaceuticals,Capsule,Pregabalin Capsules 75mg ,,,,,,,,,,,,
,347S,Pharmaceuticals,Tablet,Pregnacare Tablets ,,,,,,,,,,,,
,348S,Pharmaceuticals,Tablet,Pregabalin Tablets 150mg,,,,,,,,,,,,
,349S,Pharmaceuticals,Capsule,Rabeprazole Capsule 20mg ,,,,,,,,,,,,
,350S,Pharmaceuticals,Capsule,Heamatinic Capsules,,,,,,,,,,,,
,351S,Pharmaceuticals,Bottle,Heamatinic Syrup 200ml,,,,,,,,,,,,
,352S,Pharmaceuticals,Tablet,Ranitidine Tablets 150mg ,,,,,,,,,,,,
,353S,Pharmaceuticals,Tablet,Risperidone Tablets 1mg,,,,,,,,,,,,
,354S,Pharmaceuticals,Tablet,Risperidone Tablets 2mg,,,,,,,,,,,,
,355S,Pharmaceuticals,Cannister,Salbutamol Inh.100mcg,,,,,,,,,,,,
,356S,Pharmaceuticals,Tube,Tetracycline Skin Ointment,,,,,,,,,,,,
,357S,Pharmaceuticals,Bottle,Tobrex Drops,,,,,,,,,,,,
,358S,Pharmaceuticals,Bottle,Travatan 2.5ml,,,,,,,,,,,,
,359S,Pharmaceuticals,Bottle,Duotrav Eye Drop 2.5ml,,,,,,,,,,,,
,360S,Pharmaceuticals,Tablet,Proguanil Hydrochloride ,,,,,,,,,,,,
,361S,Pharmaceuticals,Tablet,Propranolol Hydrochloride ,,,,,,,,,,,,
,362S,Pharmaceuticals,Tablet,Risperidone ,,,,,,,,,,,,
,363S,Pharmaceuticals,Tablet,Salbutamol,,,,,,,,,,,,
,364S,Pharmaceuticals,Tablet,Sodium Valproate ,,,,,,,,,,,,
,365S,Pharmaceuticals,Tablet,Sodium Valproate ,,,,,,,,,,,,
,366S,Pharmaceuticals,Tablet,Spironolactone ,,,,,,,,,,,,
,367S,Pharmaceuticals,Tablet,Tamsulosin Hydrochloride ,,,,,,,,,,,,
,368S,Pharmaceuticals,Capsule,Tranexamic Acid ,,,,,,,,,,,,
,369S,Pharmaceuticals,Capsule,Tranexamic Acid ,,,,,,,,,,,,
,370S,Pharmaceuticals,Tablet,Warfarin Sodium,,,,,,,,,,,,
,371S,Pharmaceuticals,Tablet,Warfarin Sodium ,,,,,,,,,,,,
,372S,Pharmaceuticals,Bottle,Salbutamol/Bromhexine/Guaiphensin/Mentholl Syrup 100ml  ,,,,,,,,,,,,
,373S,Pharmaceuticals,Bottle,Salbutamol/Bromhexine/Guaiphensin/Menthol  Syrup  100ml,,,,,,,,,,,,
,374S,Pharmaceuticals,Bottle,Lactulose Syrup 200ml ,,,,,,,,,,,,
,375S,Pharmaceuticals,Bottle,Bronchodilator with Mucolytic Syrup 100ml ,,,,,,,,,,,,
,376S,Pharmaceuticals,Bottle,Salbutamol Syrup 100ml ,,,,,,,,,,,,
,377S,Pharmaceuticals,Bottle,Sodium Valproate Oral Liquid 100ml,,,,,,,,,,,,
,378S,Pharmaceuticals,Amp,Adrenaline Injection 1ml ,,,,,,,,,,,,
,379S,Pharmaceuticals,Amp,Chlorpromazine HCL Injection 2ml ,,,,,,,,,,,,
,380S,Pharmaceuticals,Amp,Diazepam injection,,,,,,,,,,,,
,381S,Pharmaceuticals,Amp,Diazepam Injection 10mg,,,,,,,,,,,,
,382S,Pharmaceuticals,Amp,Enoxaparin Injection 40mg,,,,,,,,,,,,
,383S,Pharmaceuticals,Amp,Enoxaparin Injection 40mg,,,,,,,,,,,,
,384S,Pharmaceuticals,Syringe,Erythropoietin Injection ,,,,,,,,,,,,
,385S,Pharmaceuticals,Vial,Esomeprazole Iv Infusion 40Mg ,,,,,,,,,,,,
,386S,Pharmaceuticals,Amp,Etamysylate Injection 2ml ,,,,,,,,,,,,
,387S,Pharmaceuticals,Amp,Fentanyl Citrate 2ml ,,,,,,,,,,,,
,388S,Pharmaceuticals,Amp,Flupenthixol Injection 1ml ,,,,,,,,,,,,
,389S,Pharmaceuticals,Amp,Fluphenazine Decanoate Injection 1ml ,,,,,,,,,,,,
,390S,Pharmaceuticals,Amp,Frusemide Injection 2ml ,,,,,,,,,,,,
,391S,Pharmaceuticals,Amp,Goserelin Acetate Injection ,,,,,,,,,,,,
,392S,Pharmaceuticals,Amp,Goserelin Acetate Injection 3.6mg,,,,,,,,,,,,
,393S,Pharmaceuticals,Amp,Haloperidol Injection 1ml,,,,,,,,,,,,
,394S,Pharmaceuticals,Vial,Heparin Sodium Injection  5ml,,,,,,,,,,,,
,395S,Pharmaceuticals,Vial,Hydrocortisone Sodium Succinate Injection 100mg ,,,,,,,,,,,,
,396S,Pharmaceuticals,Amp,Hydralazine Hydrochloride powder for Injection 20mg ,,,,,,,,,,,,
,397S,Pharmaceuticals,Vial,Insulin Mixtard injection  10ml ,,,,,,,,,,,,
,398S,Pharmaceuticals,Vial,Soluble Insulin Actrapid Injection 10ml ,,,,,,,,,,,,
,399S,Pharmaceuticals,pen,Insulin Mixtard Flexpen  3ml ,,,,,,,,,,,,
,400S,Pharmaceuticals,Amp,Ketamine Hydrochloride Injection 10ml,,,,,,,,,,,,
,401S,Pharmaceuticals,Vial,Labetalol Injection 20ml,,,,,,,,,,,,
,402S,Pharmaceuticals,Vial,Lignocaine Hydrochloride Injection 30ml ,,,,,,,,,,,,
,403S,Pharmaceuticals,Amp,Methotrexate Injection 50mg,,,,,,,,,,,,
,404S,Pharmaceuticals,Amp,Methylprednisolone Tablets 4Mg,,,,,,,,,,,,
,405S,Pharmaceuticals,Amp,Midazolam Injection  3ml,,,,,,,,,,,,
,406S,Pharmaceuticals,Amp,Morphine Sulphate Injection ,,,,,,,,,,,,
,407S,Pharmaceuticals,Amp,Morphine Injection ,,,,,,,,,,,,
,408S,Pharmaceuticals,Amp,Naloxone Injection ,,,,,,,,,,,,
,409S,Pharmaceuticals,Amp,Neostigmine Injection ,,,,,,,,,,,,
,410S,Pharmaceuticals,Vial,Omeprazole Injection 40mg,,,,,,,,,,,,
,411S,Pharmaceuticals,Amp,Oxytocin Injection ,,,,,,,,,,,,
,412S,Pharmaceuticals,Amp,Pancuronium Bromide Injection ,,,,,,,,,,,,
,413S,Pharmaceuticals,Amp,Pethidine Injection ,,,,,,,,,,,,
,414S,Pharmaceuticals,Amp,Pethidine Injection 100mg,,,,,,,,,,,,
,415S,Pharmaceuticals,Amp,Phenytoin Sodium Injection 250mg,,,,,,,,,,,,
,416S,Pharmaceuticals,Amp,Phenobarbitone Sodium Injection 200mg,,,,,,,,,,,,
,417S,Pharmaceuticals,Amp,Potassium Chloride Injection  10ml ,,,,,,,,,,,,
,418S,Pharmaceuticals,Amp,Potassium Permanganate Solution 500Ml,,,,,,,,,,,,
,419S,Pharmaceuticals,Amp,Propofol Injection  20ml,,,,,,,,,,,,
,420S,Pharmaceuticals,Amp,Ranitidine Injection  2ml ,,,,,,,,,,,,
,421S,Pharmaceuticals,Amp,Sodium Bicarbonate Injection ,,,,,,,,,,,,
,422S,Pharmaceuticals,Amp,Suxamethonium Chloride Injection 2ml ,,,,,,,,,,,,
,423S,Pharmaceuticals,Vial,Thiopentone Powder for Injection,,,,,,,,,,,,
,424S,Pharmaceuticals,Amp,Tranexamic Acid Injection 500mg,,,,,,,,,,,,
,425S,Pharmaceuticals,Amp,Tramadol Injection 100mg,,,,,,,,,,,,
,426S,Pharmaceuticals,Amp,Vincristine Injection 1mg,,,,,,,,,,,,
,427S,Pharmaceuticals,Amp,Zuclopenthixol Acetate ,,,,,,,,,,,,
,428S,Pharmaceuticals,Cannister,Beclomethasone Inhaler/ Salbutamol  Inhaler,,,,,,,,,,,,
,429S,Pharmaceuticals,Cannister,Beclomethasone Inhaler 100mcg,,,,,,,,,,,,
,430S,Pharmaceuticals,Cannister,Budesonide Inhaler 200mcg,,,,,,,,,,,,
,431S,Pharmaceuticals,Bottle,Halothane 250ml ,,,,,,,,,,,,
,432S,Pharmaceuticals,Bottle,Isoflurane Inhalation 250ml ,,,,,,,,,,,,
,433S,Pharmaceuticals,Cannister,Salbutamol Inhaler 100mcg,,,,,,,,,,,,
,434S,Pharmaceuticals,Bottle,Salbutamol Respirator Solution 10ml ,,,,,,,,,,,,
,435S,Pharmaceuticals,Piece,Salbutamol Rotahaler Device,,,,,,,,,,,,
,436S,Pharmaceuticals,Capsule,Salbutamol Rotacaps 200mcg,,,,,,,,,,,,
,437S,Pharmaceuticals,Cannister,Salmeterol Xinafoate+Fluticasone,,,,,,,,,,,,
,438S,Pharmaceuticals,Cannister,Salmeterol Xinafoate+Fluticasone ,,,,,,,,,,,,
,439S,Pharmaceuticals,Cannister,Salbutamol/Ipratropium Nebulising Solution ,,,,,,,,,,,,
,440S,Pharmaceuticals,Tube,Acyclovir Eye Ointment  2.5g ,,,,,,,,,,,,
,441S,Pharmaceuticals,Tube,Analgesic Rub-in Balm 20g ,,,,,,,,,,,,
,442S,Pharmaceuticals,Tablet,Anti-Haemorrhoidal Suppositories,,,,,,,,,,,,
,443S,Pharmaceuticals,Tube,Anti haemorroidal Ointment ,,,,,,,,,,,,
,444S,Pharmaceuticals,Tube,Antibiotic Ointment 20gm,,,,,,,,,,,,
,445S,Pharmaceuticals,Tube,Anti-Haemorrhoidal Suppositories,,,,,,,,,,,,
,446S,Pharmaceuticals,Bottle,Atropine Eye Drops 5ml ,,,,,,,,,,,,
,447S,Pharmaceuticals,Bottle,Azelastine Eye Drops 5ml,,,,,,,,,,,,
,448S,Pharmaceuticals,Tube,Benzoic/salicylic Acid Ointment 400g ,,,,,,,,,,,,
,449S,Pharmaceuticals,Bottle,Benzyl Benzoate Emulsion,,,,,,,,,,,,
,450S,Pharmaceuticals,Tube,Benzoic/salicylic Acid Ointment 20g ,,,,,,,,,,,,
,451S,Pharmaceuticals,Bottle,Benzyl Benzoate Emulsion 100ml ,,,,,,,,,,,,
,452S,Pharmaceuticals,Tube,Betamethasone Cream 15g ,,,,,,,,,,,,
,453S,Pharmaceuticals,Tube,Betamethasone Ointment 15g ,,,,,,,,,,,,
,454S,Pharmaceuticals,Bottle,Betamethasone Eye/Ear/Nose Drops 7.5ml,,,,,,,,,,,,
,455S,Pharmaceuticals,Bottle,Betaxolol Eye Drops 5ml,,,,,,,,,,,,
,456S,Pharmaceuticals,Tube,Choline Salicylic/Cetalkonium Gel 10gm,,,,,,,,,,,,
,457S,Pharmaceuticals,Bottle,Calamine Lotion 100ml ,,,,,,,,,,,,
,458S,Pharmaceuticals,Piece,Silver Nitrate Caustic Pencil ,,,,,,,,,,,,
,459S,Pharmaceuticals,Tube,Chlorhexidine/Cetrimide Ointment  100g ,,,,,,,,,,,,
,460S,Pharmaceuticals,Tube,Chlorhexidine/Cetrimide Ointment 100g ,,,,,,,,,,,,
,461S,Pharmaceuticals,Bottle,Chloramphenicol Eye Drops 10ml ,,,,,,,,,,,,
,462S,Pharmaceuticals,Tube,Chlorhexidine Digluconate Gel 10gm,,,,,,,,,,,,
,463S,Pharmaceuticals,Bottle,Chlorhexidine  100Ml,,,,,,,,,,,,
,464S,Pharmaceuticals,Bottle,Ciprofloxacin Eye Drops 5ml ,,,,,,,,,,,,
,465S,Pharmaceuticals,Bottle,Ciprofloxacin/Dexamethasone Eye Drops  5ml,,,,,,,,,,,,
,466S,Pharmaceuticals,Tablet,Clotrimazole Pessaries 200mg,,,,,,,,,,,,
,467S,Pharmaceuticals,Bottle,Clotrimazole Oral Paint 15ml ,,,,,,,,,,,,
,468S,Pharmaceuticals,Tube,Clotrimazole Cream 20g,,,,,,,,,,,,
,469S,Pharmaceuticals,Bottle,Clotrimazole Powder  30g ,,,,,,,,,,,,
,470S,Pharmaceuticals,Tablet,Clotrimazole Pessaries 500mg,,,,,,,,,,,,
,471S,Pharmaceuticals,Bottle,Cromoglycate Cusicrom Eye Drops 10ml,,,,,,,,,,,,
,472S,Pharmaceuticals,Bottle,Cyclopentolate Eye Drops 15ml,,,,,,,,,,,,
,473S,Pharmaceuticals,Bottle,Dexamethasone/Gentamycin Eye Drops 10ml ,,,,,,,,,,,,
,474S,Pharmaceuticals,Bottle,Dexamethasone Eye Drops 5ml,,,,,,,,,,,,
,475S,Pharmaceuticals,Bottle,Dexamethasone/Neomycin Eye Drops 5ml,,,,,,,,,,,,
,476S,Pharmaceuticals,Bottle,Dexamethasone/Gentamycin Eye Drops 5ml,,,,,,,,,,,,
,477S,Pharmaceuticals,Tablet,Diclofenac Suppositories 100mg,,,,,,,,,,,,
,478S,Pharmaceuticals,Tube,Diclofenac Gel 15gm,,,,,,,,,,,,
,479S,Pharmaceuticals,Tube,Diclofenac Gel 20gm,,,,,,,,,,,,
,480S,Pharmaceuticals,Bottle,Diclofenac/Gentamycin Eye Drops 5ml,,,,,,,,,,,,
,481S,Pharmaceuticals,Bottle,Emadastine Eye Drops   5ml,,,,,,,,,,,,
,482S,Pharmaceuticals,Bottle,Fluticasone Nasal Spray 27.5mg,,,,,,,,,,,,
,483S,Pharmaceuticals,Bottle,Flourometholone Eye drops  5ml,,,,,,,,,,,,
,484S,Pharmaceuticals,Bottle,Framycetin/ Gramicidin/Dexamethasone Eye Drops  8ml,,,,,,,,,,,,
,485S,Pharmaceuticals,Bottle,Gentamycin Eye/Ear Drops 10ml ,,,,,,,,,,,,
,486S,Pharmaceuticals,Tube,Hydrocortisone Cream 15gm,,,,,,,,,,,,
,487S,Pharmaceuticals,Tube,Hydrocortisone Ointment 15gm ,,,,,,,,,,,,
,488S,Pharmaceuticals,Tube,Hydrocortisone Eye Drops 5ml,,,,,,,,,,,,
,489S,Pharmaceuticals,Tube,Ketoralac Eye Drops  5ml,,,,,,,,,,,,
,490S,Pharmaceuticals,Tube,Ketoprofen Gel 20g,,,,,,,,,,,,
,491S,Pharmaceuticals,Tube,KY-Jelly-Sterile Lubricating Gel 50gm ,,,,,,,,,,,,
,492S,Pharmaceuticals,Bottle,Latanoprost Eye Drops  5ml,,,,,,,,,,,,
,493S,Pharmaceuticals,Bottle,Methycellulose Eye Drops 10ml,,,,,,,,,,,,
,494S,Pharmaceuticals,Tablet,Metronidazole/Clotrimazole/Lactic Acid Bacillus Pessaries,,,,,,,,,,,,
,495S,Pharmaceuticals,Tube,Miconazole Gel  40g ,,,,,,,,,,,,
,496S,Pharmaceuticals,Bottle,Sodium Citrate/Sodium Lauryl Sulphate/Glycerin Microenema 20ml ,,,,,,,,,,,,
,497S,Pharmaceuticals,Bottle,Mometasone Furoate Nasal Spray 10ml ,,,,,,,,,,,,
,498S,Pharmaceuticals,Tube,Mupirocin Ointment 15gm,,,,,,,,,,,,
,499S,Pharmaceuticals,Bottle,Neomycin/ Polymixin B/ Dexamethasone Eye Drops 5ml,,,,,,,,,,,,
,500S,Pharmaceuticals,Bottle,Neomycin/ Betamethasone Eye Drops  5ml,,,,,,,,,,,,
,501S,Pharmaceuticals,Bottle,Neomycin/ Polymixin B/ Dexamethasone Eye Ointment  3.5g,,,,,,,,,,,,
,502S,Pharmaceuticals,Bottle,Nystatin Oral Drops  30ml ,,,,,,,,,,,,
,503S,Pharmaceuticals,Bottle,Ofloxacin/Dexamethasone Eye Drops  5ml,,,,,,,,,,,,
,504S,Pharmaceuticals,Bottle,Ofloxacin Eye Drops  5ml,,,,,,,,,,,,
,505S,Pharmaceuticals,Bottle,Paraffin Liquid,,,,,,,,,,,,
,506S,Pharmaceuticals,Tablet,Paracetamol Suppositories 250mg ,,,,,,,,,,,,
,507S,Pharmaceuticals,Tablet,Paracetamol Suppositories 125mg,,,,,,,,,,,,
,508S,Pharmaceuticals,Bottle,Pilocarpine Eye Drops  5ml ,,,,,,,,,,,,
,509S,Pharmaceuticals,Bottle,Potassium Permanganate Solution 500Ml,,,,,,,,,,,,
,510S,Pharmaceuticals,Bottle,Povidone Iodine  250ml  ,,,,,,,,,,,,
,511S,Pharmaceuticals,Tube,Povidone Iodine Ointment  15g ,,,,,,,,,,,,
,512S,Pharmaceuticals,Bottle,Povidone Iodine  100ml ,,,,,,,,,,,,
,513S,Pharmaceuticals,Bottle,Prednisolone Forte Eye Drops  5ml,,,,,,,,,,,,
,514S,Pharmaceuticals,Tablet,Prostaglandin E2,,,,,,,,,,,,
,515S,Pharmaceuticals,Bottle,Saline Nasal Drops 10ml ,,,,,,,,,,,,
,516S,Pharmaceuticals,Tin,Silver Sulphadiazine Cream  100gm ,,,,,,,,,,,,
,517S,Pharmaceuticals,Tin,Silver Sulphadiazine Cream  250g ,,,,,,,,,,,,
,518S,Pharmaceuticals,Tin,Silver Sulphadiazine Cream 15g ,,,,,,,,,,,,
,519S,Pharmaceuticals,Bottle,Sodium Chromoglycate 10ml ,,,,,,,,,,,,
,520S,Pharmaceuticals,Tube,Sulphur Ointment  25g ,,,,,,,,,,,,
,521S,Pharmaceuticals,Bottle,Tears Natural Eye Drops15ml,,,,,,,,,,,,
,522S,Pharmaceuticals,Tube,Terbinafine Cream  15g,,,,,,,,,,,,
,523S,Pharmaceuticals,Tube,Tetracycline Eye Ointment  3.5g ,,,,,,,,,,,,
,524S,Pharmaceuticals,Bottle,Timolol Eye Drops  5ml ,,,,,,,,,,,,
,525S,Pharmaceuticals,Bottle,Tobramycin/Dexamethasone Eye Drops  5ml,,,,,,,,,,,,
,526S,Pharmaceuticals,Bottle,Tobramycin/Dexamethasone Eye Drops  5ml,,,,,,,,,,,,
,527S,Pharmaceuticals,Bottle,Tropicamide Eye Drops  15ml,,,,,,,,,,,,
,528S,Pharmaceuticals,Bottle,Paradichlorobenzine/Benzocaine/Chlorobutanol/Turpentine Oil 10ml,,,,,,,,,,,,
,529S,Pharmaceuticals,Tin,Zinc Oxide Ointment  500g ,,,,,,,,,,,,
,530S,Pharmaceuticals,Bottle,Zinc Sulphate Eye Drops  5ml ,,,,,,,,,,,,
,531S,Pharmaceuticals,Vial,Hepatitis B  Vaccine 1ml ,,,,,,,,,,,,
,532S,Pharmaceuticals,Vial,Human Papilloma Virus Vaccine 0.5ml,,,,,,,,,,,,
,533S,Pharmaceuticals,Vial,Rabies Vaccine Verorab  0.5ml ,,,,,,,,,,,,
,534S,Pharmaceuticals,Vial,Rabies Vaccine  0.5ml ,,,,,,,,,,,,
,535S,Pharmaceuticals,Vial,Typhoid Vaccine  10ml ,,,,,,,,,,,,
,536S,Pharmaceuticals,Tube,Acyclovir Cream 5gm ,,,,,,,,,,,,
,537S,Pharmaceuticals,Bottle,Azarga Eye Drops,,,,,,,,,,,,
,538S,Pharmaceuticals,Tablet,Captopril Tablet 25mg ,,,,,,,,,,,,
,539S,Pharmaceuticals,Tablet,Cartil Super Forte Tablets ,,,,,,,,,,,,
,540S,Pharmaceuticals,Tablet,Betamethasone+ dexchlorpheniramine ,,,,,,,,,,,,
,541S,Pharmaceuticals,Tablet,Cimetidine Tabs 400mg ,,,,,,,,,,,,
,542S,Pharmaceuticals,Tube,Clotrimazole +Betamethasone Cream  15gm,,,,,,,,,,,,
,543S,Pharmaceuticals,Tablet,Diosmin+ Hesperidin ,,,,,,,,,,,,
,544S,Pharmaceuticals,Tablet,Digoxin Tabs 0.25mg,,,,,,,,,,,,
,545S,Pharmaceuticals,Tube,Dura Tears Eye Ointment 3.5 Gm,,,,,,,,,,,,
,546S,Pharmaceuticals,Tablet,Esomeprazole Tablets 20mg ,,,,,,,,,,,,
,547S,Pharmaceuticals,Bottle,Flurbiprofen Eye Drops 5ml,,,,,,,,,,,,
,548S,Pharmaceuticals,Cannister,Fluticasone Propionate Inhaller 125mcg ,,,,,,,,,,,,
,549S,Pharmaceuticals,Cannister,Fluticasone Propionate Inhaller 50mcg,,,,,,,,,,,,
,550S,Pharmaceuticals,Cannister,Budesonide+Formoterol 200mcg ,,,,,,,,,,,,
,551S,Pharmaceuticals,Tablet,Glutamic Acid  250mg ,,,,,,,,,,,,
,552S,Pharmaceuticals,Tablet,Glutamic Acid Vit ,,,,,,,,,,,,
,553S,Pharmaceuticals,Bottle,Haematinic Syrup 200ml ,,,,,,,,,,,,
,554S,Pharmaceuticals,Vial,Meningitis Vaccine Menactra,,,,,,,,,,,,
,555S,Pharmaceuticals,Tablet,Mirtazapine  Tablets 15mg,,,,,,,,,,,,
,556S,Pharmaceuticals,Tablet,Mirtazapine Tablets 30mg,,,,,,,,,,,,
,557S,Pharmaceuticals,Tablet,Vitamin B1 B6 B12 ,,,,,,,,,,,,
,558S,Pharmaceuticals,Tablet,Norethisterone 5mg ,,,,,,,,,,,,
,559O,Pharmaceuticals,Tablet,Ascorbic Acid ,,,,,,,,,,,,
,560O,Pharmaceuticals,Tablet,Ascorbic Acid Tablets ,,,,,,,,,,,,
,561O,Pharmaceuticals,Tablet,Bisacodyl ,,,,,,,,,,,,
,562O,Pharmaceuticals,Tablet,Calcium + Vitamin D ,,,,,,,,,,,,
,563O,Pharmaceuticals,Tablet,Calcium /Cholecalciferol/Magnesium/Zinc ,,,,,,,,,,,,
,564O,Pharmaceuticals,Tablet,Calcium + Vitamin D  ,,,,,,,,,,,,
,565O,Pharmaceuticals,Tablet,Ferrous Sulphate ,,,,,,,,,,,,
,566O,Pharmaceuticals,Tablet,Ferrous Fumarate equivalent to BP 100mg Iron /Folic Acid USP 350mcg,,,,,,,,,,,,
,567O,Pharmaceuticals,Tablet,Ferrous Sulphate 200mg+ Folic Acid 400mcg ,,,,,,,,,,,,
,568O,Pharmaceuticals,Tablet,Folic Acid ,,,,,,,,,,,,
,569O,Pharmaceuticals,Tablet,Haematinic Capsules,,,,,,,,,,,,
,570O,Pharmaceuticals,Tablet,Multi-Vitamin,,,,,,,,,,,,
,571O,Pharmaceuticals,Gum,Nicotine ,,,,,,,,,,,,
,572O,Pharmaceuticals,Gum,Nicotine ,,,,,,,,,,,,
,573O,Pharmaceuticals,Tablet,Ondansetron Hydrochloride ,,,,,,,,,,,,
,574O,Pharmaceuticals,Tablet,Pyridoxine Hydrochloride Vitamin B6,,,,,,,,,,,,
,575O,Pharmaceuticals,Tablet,Senna Tablets 7.5mg,,,,,,,,,,,,
,576O,Pharmaceuticals,Tablet,Vitamin B Complex ,,,,,,,,,,,,
,577O,Pharmaceuticals,Capsule,Vitamin E ,,,,,,,,,,,,
,578O,Pharmaceuticals,Tablet,Zinc Sulphate Dispersible Tablets ,,,,,,,,,,,,
,579O,Pharmaceuticals,Bottle,Haematinic Syrup 200ml ,,,,,,,,,,,,
,580O,Pharmaceuticals,Bottle,Multivitamin Syrup 100ml ,,,,,,,,,,,,
,581O,Pharmaceuticals,Bottle,Multivitamin Syrup with Amino Acid 200ml ,,,,,,,,,,,,
,582O,Pharmaceuticals,Bottle,Vitamin D3 Oral Drops 15ml,,,,,,,,,,,,
,583O,Pharmaceuticals,Bottle,Zinc Sulphate Syrup  60ml,,,,,,,,,,,,
,584O,Pharmaceuticals,Vial,Anti D injection 300mg,,,,,,,,,,,,
,585O,Pharmaceuticals,Vial,Anti-Snake Venom Immunoglobulin African-Tropicalized 10ml,,,,,,,,,,,,
,586O,Pharmaceuticals,Amp,Atropine Injection  1ml ,,,,,,,,,,,,
,587O,Pharmaceuticals,Amp,Bupivacaine  Injection  4ml,,,,,,,,,,,,
,588O,Pharmaceuticals,Vial,Bupivacaine Hcl Injection ,,,,,,,,,,,,
,589O,Pharmaceuticals,Amp,Calcium Gluconate Injection 10ml ,,,,,,,,,,,,
,590O,Pharmaceuticals,Amp,Cyclophosphamide Injection 500mg ,,,,,,,,,,,,
,591O,Pharmaceuticals,Amp,Cyclophosphamide Injection 1gm ,,,,,,,,,,,,
,592O,Pharmaceuticals,Vial,Dental Cartridges 1.8ml,,,,,,,,,,,,
,593O,Pharmaceuticals,Amp,Dopamine Hydrochloride Injection  5ml,,,,,,,,,,,,
,594O,Pharmaceuticals,Amp,Ephedrine HCL injection ,,,,,,,,,,,,
,595O,Pharmaceuticals,Amp,Ergometrine Injection 200Mcg,,,,,,,,,,,,
,596O,Pharmaceuticals,Syringe,Erythropoietin Injection,,,,,,,,,,,,
,597O,Pharmaceuticals,Vial,Folinic Acid Injection 5ml ,,,,,,,,,,,,
,598O,Pharmaceuticals,Amp,Iron Sucrose Injection 100mg,,,,,,,,,,,,
,599O,Pharmaceuticals,Amp,Magnesium Sulphate Injection 10ml ,,,,,,,,,,,,
,600O,Pharmaceuticals,Amp,Vitamin K  Phytomenadione Injection ,,,,,,,,,,,,
,601O,Pharmaceuticals,Amp,Vitamin K  Phytomenadione  Injection ,,,,,,,,,,,,
,602O,Pharmaceuticals,Amp,Vitamins B & C High Potency Injection ,,,,,,,,,,,,
,603O,Pharmaceuticals,Amp,Water for Injection 10ml ,,,,,,,,,,,,
,604O,Pharmaceuticals,Bottle,Amino-Acid Solution with Vitamins and Electrolytes 500ml,,,,,,,,,,,,
,605O,Pharmaceuticals,Bottle,Dextrose Injection  50ml ,,,,,,,,,,,,
,606O,Pharmaceuticals,Bottle,Dextrose Solution  1000ml,,,,,,,,,,,,
,607O,Pharmaceuticals,Bottle,Dextrose in Normal Saline  1000ml ,,,,,,,,,,,,
,608O,Pharmaceuticals,Bottle,Dextrose Solution  500ml ,,,,,,,,,,,,
,609O,Pharmaceuticals,Bottle,Dextrose Solution 500ml ,,,,,,,,,,,,
,610O,Pharmaceuticals,Bottle,Dextrose in Normal Saline  500ml ,,,,,,,,,,,,
,611O,Pharmaceuticals,Bottle,Dextrose Injection  100ml ,,,,,,,,,,,,
,612O,Pharmaceuticals,Bottle,Dextrose Solution  500ml ,,,,,,,,,,,,
,613O,Pharmaceuticals,Bottle,Magnesium Sulphate Infusion 100ml,,,,,,,,,,,,
,614O,Pharmaceuticals,Bottle,Mannitol Solution  500ml ,,,,,,,,,,,,
,615O,Pharmaceuticals,Bottle,Sodium Chloride 1000ml ,,,,,,,,,,,,
,616O,Pharmaceuticals,Bottle,Sodium Lactate Solution  1000ml ,,,,,,,,,,,,
,617O,Pharmaceuticals,Bottle,Sodium Lactate Solution  500ml ,,,,,,,,,,,,
,618O,Pharmaceuticals,Bottle,Sodium Chloride  250ml ,,,,,,,,,,,,
,619O,Pharmaceuticals,Bottle,Sodium Chloride  500ml ,,,,,,,,,,,,
,620O,Pharmaceuticals,Sachet,Polyethylene Glycol/Potassium Chloride/Sodium Bicarbonate/Sodium Chloride/Sodium Sulphate Powder,,,,,,,,,,,,
,621O,Pharmaceuticals,Powder,Calcium Hypochlorite  ,,,,,,,,,,,,
,622O,Pharmaceuticals,5l,Chlorhexidine Solution ,,,,,,,,,,,,
,623O,Pharmaceuticals,5l,Chlorhexidine/Cetrimide Topical Solution ,,,,,,,,,,,,
,624O,Pharmaceuticals,5l,Chlorhexidine/Gluconate ,,,,,,,,,,,,
,625O,Pharmaceuticals,Piece,Dettol Soap 100g ,,,,,,,,,,,,
,626O,Pharmaceuticals,5l,Disinfectant Black Fluid,,,,,,,,,,,,
,627O,Pharmaceuticals,5l,Gluteraldehyde Solution ,,,,,,,,,,,,
,628O,Pharmaceuticals,5l,Gluteraldehyde Solution,,,,,,,,,,,,
,629O,Pharmaceuticals,Bottle,Hand Rub Solution Ethanol 500ml,,,,,,,,,,,,
,630O,Pharmaceuticals,Bottle,Hand Sanitizer 100ml ,,,,,,,,,,,,
,631O,Pharmaceuticals,Bottle,Hand Sanitizer 500ml ,,,,,,,,,,,,
,632O,Pharmaceuticals,Bottle,Hydrogen Peroxide  200ml ,,,,,,,,,,,,
,633O,Pharmaceuticals,Litre,Hydrogen Peroxide  ,,,,,,,,,,,,
,634O,Pharmaceuticals,Litre,Lysol Solution ,,,,,,,,,,,,
,635O,Pharmaceuticals,Litre,Methylated Spirit  ,,,,,,,,,,,,
,636O,Pharmaceuticals,Litre,Methylated Spirit  ,,,,,,,,,,,,
,637O,Pharmaceuticals,Litre,Methylated Spirit ,,,,,,,,,,,,
,638O,Pharmaceuticals,5l,Methylated Spirit ,,,,,,,,,,,,
,639O,Pharmaceuticals,Litre,Ortho-Phtaldehyde ,,,,,,,,,,,,
,640O,Pharmaceuticals,Tin,Petroleum Jelly  100g,,,,,,,,,,,,
,641O,Pharmaceuticals,15kg,Petroleum Jelly  15kg ,,,,,,,,,,,,
,642O,Pharmaceuticals,1kg,Petroleum Jelly  1kg ,,,,,,,,,,,,
,643O,Pharmaceuticals,Litre,Povidone Iodine Aqueous Solution ,,,,,,,,,,,,
,644O,Pharmaceuticals,Bottle,Povidone Iodine Aqueous Solution 500ml ,,,,,,,,,,,,
,645O,Pharmaceuticals,Bottle,Soap  Anti-Bacterial Handwash  500ml,,,,,,,,,,,,
,646O,Pharmaceuticals,Bottle,Soap Multi-Purpose Detergent 500ml ,,,,,,,,,,,,
,647O,Pharmaceuticals,Piece,Soap-Baby 100g ,,,,,,,,,,,,
,648O,Pharmaceuticals,Powder,Soap-Laundry 25kg,,,,,,,,,,,,
,649O,Pharmaceuticals,Litre,Soap-Liquid Detergent ,,,,,,,,,,,,
,650O,Pharmaceuticals,Tablet,Sodium Dichloroisocyanurate  2.5gm,,,,,,,,,,,,
,651O,Pharmaceuticals,Litre,Sodium Hypochlorite  ,,,,,,,,,,,,
,652O,Pharmaceuticals,Litre,Sodium Hypochlorite ,,,,,,,,,,,,
,653O,Pharmaceuticals,Litre,Surgical Spirit ,,,,,,,,,,,,
,654O,Pharmaceuticals,Tin,Aqueous Cream 500g ,,,,,,,,,,,,
,655O,Pharmaceuticals,Cannister,Povidone Iodine Antiseptic Spray 55gm,,,,,,,,,,,,
,656O,Pharmaceuticals,Litre,Ethanol,,,,,,,,,,,,
,657O,Pharmaceuticals,Cannister,Opsite Spray 100ml,,,,,,,,,,,,
,658O,Pharmaceuticals,Capsule,Vitamin.A .Capsules ,,,,,,,,,,,,
